HLA,peptide,label,length,source,9mer,affinity_netMHCpan,cluster,cluster_kernel
HLA-A0101,MIDNQKLSY,1,9,CapsNet_independent_set,,,0,1
HLA-A0101,QFFRSLSAT,0,9,CapsNet_train_data,,,1,1
HLA-A0101,PRPLTQQNT,0,9,CapsNet_train_data,,,2,1
HLA-A0101,QDFMAQCLR,0,9,CapsNet_independent_set,,,3,1
HLA-A0101,MMDQKAGLY,1,9,CapsNet,,,4,1
HLA-A0101,MAGTVRTAC,0,9,CapsNet_train_data,,,5,1
HLA-A0101,KAANCSLYY,1,9,NetMHCpan,,,6,1
HLA-A0101,RSQAQSYIA,0,9,CapsNet_train_data,,,7,1
HLA-A0101,WVDKNRLAL,1,9,CapsNet_train_data,,,8,1
HLA-A0101,ALDEALDNY,1,9,CapsNet,,,9,1
HLA-A0101,GGWNTGGSR,0,9,CapsNet_train_data,,,10,1
HLA-A0101,MSETERIWY,1,9,CapsNet_train_data,,,11,1
HLA-A0101,LFDQVVKTV,1,9,CapsNet,,,12,1
HLA-A0101,KKKERSNRA,0,9,CapsNet_train_data,,,13,1
HLA-A0101,KQTMQNLND,0,9,CapsNet,,,14,1
HLA-A0101,IQKETVYCL,0,9,CapsNet_test_data,,,15,1
HLA-A0101,RADQELLMY,1,9,CapsNet_train_data,,,16,1
HLA-A0101,WAMEKSSKY,1,9,CapsNet_train_data,,,17,1
HLA-A0101,CTENEASRY,1,9,CapsNet_train_data,,,18,1
HLA-A0101,TSDLMENTY,1,9,CapsNet_train_data,,,19,1
HLA-A0103,VTEKDLLLY,1,9,NetMHCpan,,,0,1
HLA-A0201,PLTSIISAV,1,9,CapsNet_train_data,,,0,1
HLA-A0201,SNLSSRWKN,0,9,CapsNet_train_data,,,1,1
HLA-A0201,FMNSSIQCV,1,9,CapsNet_train_data,,,2,1
HLA-A0201,KGGIACECR,0,9,CapsNet_train_data,,,3,1
HLA-A0201,ALLQSDVRL,1,9,CapsNet_train_data,,,4,1
HLA-A0201,DCMRALRDT,0,9,CapsNet_train_data,,,5,1
HLA-A0201,CIKTNSSEG,0,9,CapsNet_train_data,,,6,1
HLA-A0201,CLLQSLQQI,1,9,CapsNet_train_data,,,7,1
HLA-A0201,FLNQANCKI,1,9,CapsNet_train_data,,,8,1
HLA-A0201,PSRASLTRT,0,9,CapsNet_independent_set,,,9,1
HLA-A0201,PRRRSKTSS,0,9,CapsNet_test_data,,,10,1
HLA-A0201,LAQVCKAWR,0,9,CapsNet_train_data,,,11,1
HLA-A0201,FLTRIISQL,1,9,CapsNet_train_data,,,12,1
HLA-A0201,TEETVRRRC,0,9,CapsNet,,,13,1
HLA-A0201,AVIKRLISV,1,9,CapsNet,,,14,1
HLA-A0201,LLCLIFLLV,1,9,CapsNet_independent_set,,,15,1
HLA-A0201,SLGKSEFQI,1,9,CapsNet_train_data,,,16,1
HLA-A0201,RKAANRVDI,0,9,NetMHCpan,,,17,1
HLA-A0201,QLCDLETKL,1,9,NetMHCpan,,,18,1
HLA-A0201,ALKKQINSV,1,9,CapsNet_independent_set,,,19,1
HLA-A0202,LATLNTLIT,1,9,CapsNet_independent_set,,,0,1
HLA-A0202,TIDNIVTSL,1,9,CapsNet_train_data,,,1,1
HLA-A0202,SKRRLIFSK,0,9,CapsNet_train_data,,,2,1
HLA-A0202,ARLTQARRR,0,9,CapsNet_train_data,,,3,1
HLA-A0202,LLFLVLIML,1,9,CapsNet_independent_set,,,4,1
HLA-A0202,SLFNTIATI,1,9,CapsNet_independent_set,,,5,1
HLA-A0202,ALKRAQSEL,1,9,CapsNet_train_data,,,6,1
HLA-A0202,TLFIDRGSI,1,9,CapsNet_train_data,,,7,1
HLA-A0202,RKSRDKAKR,0,9,CapsNet_test_data,,,8,1
HLA-A0202,SQCQAIHNV,1,9,CapsNet_train_data,,,9,1
HLA-A0202,RDGGADGMS,0,9,CapsNet_train_data,,,10,1
HLA-A0202,SLCPTKKLV,1,9,CapsNet_train_data,,,11,1
HLA-A0202,VELKRVLYD,0,9,CapsNet_independent_set,,,12,1
HLA-A0202,MLKSKNINI,1,9,CapsNet_independent_set,,,13,1
HLA-A0202,VERFVGQMM,0,9,CapsNet_train_data,,,14,1
HLA-A0202,TLLGLILFV,1,9,CapsNet_train_data,,,15,1
HLA-A0202,IISEPLNKS,0,9,CapsNet_train_data,,,16,1
HLA-A0202,RPLLSIRSD,0,9,CapsNet_test_data,,,17,1
HLA-A0202,FVNHRFTLV,1,9,CapsNet_train_data,,,18,1
HLA-A0202,ILATLNTLI,1,9,CapsNet_train_data,,,19,1
HLA-A0203,RAAVKNKVK,0,9,CapsNet_independent_set,,,0,1
HLA-A0203,LLEQLIENI,1,9,CapsNet_train_data,,,1,1
HLA-A0203,TIKENIIKV,1,9,NetMHCpan,,,2,1
HLA-A0203,LETQLADWI,0,9,CapsNet_train_data,,,3,1
HLA-A0203,LLLCLIFLL,1,9,CapsNet_train_data,,,4,1
HLA-A0203,DNFMAEGCG,0,9,CapsNet_train_data,,,5,1
HLA-A0203,FLHESDPMV,1,9,CapsNet_train_data,,,6,1
HLA-A0203,VDTKSRAAW,0,9,CapsNet_train_data,,,7,1
HLA-A0203,HEITKVACI,0,9,CapsNet_train_data,,,8,1
HLA-A0203,LLIAKEMCR,0,9,NetMHCpan,,,9,1
HLA-A0203,QSLRCTSRS,0,9,CapsNet_train_data,,,10,1
HLA-A0203,ILQRLSATL,1,9,CapsNet_train_data,,,11,1
HLA-A0203,EKSSNEERK,0,9,CapsNet_train_data,,,12,1
HLA-A0203,TLNFPISPI,1,9,CapsNet_train_data,,,13,1
HLA-A0203,RLIRGKMTL,1,9,CapsNet_train_data,,,14,1
HLA-A0203,SLAQLLGKI,1,9,CapsNet_independent_set,,,15,1
HLA-A0203,MASILRSPQ,0,9,CapsNet_test_data,,,16,1
HLA-A0203,RHERSLGRA,0,9,CapsNet_train_data,,,17,1
HLA-A0203,ALINNIVEI,1,9,CapsNet_train_data,,,18,1
HLA-A0203,QLKQQIQSI,1,9,NetMHCpan,,,19,1
HLA-A0204,PQGGNQSQG,0,9,CapsNet_independent_set,,,0,1
HLA-A0204,QLLDTIRSL,1,9,CapsNet_train_data,,,1,1
HLA-A0204,PFSQTITHE,0,9,CapsNet_train_data,,,2,1
HLA-A0204,SLPNSRIMI,0,9,CapsNet_independent_set,,,3,1
HLA-A0204,QQRKEKTRA,0,9,CapsNet_train_data,,,4,1
HLA-A0204,NTVATLYCV,1,9,CapsNet_train_data,,,5,1
HLA-A0204,QLQEIIARL,1,9,CapsNet_train_data,,,6,1
HLA-A0204,PALQDQCAQ,0,9,NetMHCpan,,,7,1
HLA-A0204,FILTHVDQL,1,9,CapsNet_train_data,,,8,1
HLA-A0204,DNRVSLMLP,0,9,CapsNet_train_data,,,9,1
HLA-A0204,LRQALEKFD,0,9,CapsNet_independent_set,,,10,1
HLA-A0204,VNELLLASL,1,9,NetMHCpan,,,11,1
HLA-A0204,LRLFDRQAL,0,9,NetMHCpan,,,12,1
HLA-A0204,ALQHLKAID,0,9,CapsNet_train_data,,,13,1
HLA-A0204,TLQQQIQTL,1,9,CapsNet_train_data,,,14,1
HLA-A0204,FLQKLISQL,1,9,CapsNet_train_data,,,15,1
HLA-A0204,YLTDLQVSL,1,9,CapsNet_train_data,,,16,1
HLA-A0204,SLIKQIPRI,1,9,CapsNet_train_data,,,17,1
HLA-A0204,ALINNIVEI,1,9,CapsNet_independent_set,,,18,1
HLA-A0204,ILSVFIPSL,1,9,CapsNet_train_data,,,19,1
HLA-A0205,SVKEQMDQI,1,9,NetMHCpan,,,0,1
HLA-A0205,GPALQWVIP,0,9,CapsNet_train_data,,,1,1
HLA-A0205,SIISNLITV,1,9,CapsNet_train_data,,,2,1
HLA-A0205,GQSEIASML,1,9,CapsNet_independent_set,,,3,1
HLA-A0205,TIANINQEL,1,9,CapsNet_train_data,,,4,1
HLA-A0205,SGSVQATDR,0,9,CapsNet_test_data,,,5,1
HLA-A0205,LSDVVDDLQ,0,9,CapsNet_independent_set,,,6,1
HLA-A0205,KVCDIVSSL,1,9,CapsNet_train_data,,,7,1
HLA-A0205,SQISRLQNI,1,9,CapsNet_train_data,,,8,1
HLA-A0205,SPQQEEENT,0,9,CapsNet_train_data,,,9,1
HLA-A0205,NWQAQALLA,0,9,CapsNet_independent_set,,,10,1
HLA-A0205,FLSSVIQNL,1,9,CapsNet_train_data,,,11,1
HLA-A0205,RCRSLSTKR,0,9,CapsNet_independent_set,,,12,1
HLA-A0205,DIFAVLARN,0,9,CapsNet_test_data,,,13,1
HLA-A0205,FIIQSLDNL,1,9,CapsNet_train_data,,,14,1
HLA-A0205,IYLCGTKSD,0,9,CapsNet_test_data,,,15,1
HLA-A0205,FLPPAQVTV,1,9,CapsNet_independent_set,,,16,1
HLA-A0205,HGLYSLSLL,0,9,CapsNet_test_data,,,17,1
HLA-A0205,ALLDNNIGL,1,9,CapsNet_train_data,,,18,1
HLA-A0205,QLIQQVEQL,1,9,CapsNet_train_data,,,19,1
HLA-A0206,CLSSKKAEG,0,9,CapsNet_independent_set,,,0,1
HLA-A0206,FLKNRFEAL,1,9,CapsNet_train_data,,,1,1
HLA-A0206,SLPEELNRV,1,9,CapsNet_train_data,,,2,1
HLA-A0206,VDQMNRIVE,0,9,CapsNet_train_data,,,3,1
HLA-A0206,RIMEIVDAI,1,9,CapsNet_independent_set,,,4,1
HLA-A0206,GGGKKHDRG,0,9,CapsNet_train_data,,,5,1
HLA-A0206,SLSRIKLAI,0,9,CapsNet_train_data,,,6,1
HLA-A0206,RLGDAILSV,1,9,CapsNet_train_data,,,7,1
HLA-A0206,FLVLIMLII,1,9,CapsNet_train_data,,,8,1
HLA-A0206,RQLDTETNL,1,9,CapsNet_independent_set,,,9,1
HLA-A0206,LHKLISQIT,0,9,CapsNet_independent_set,,,10,1
HLA-A0206,CAVNALAHH,0,9,CapsNet_train_data,,,11,1
HLA-A0206,QIVSRLVQI,1,9,CapsNet_independent_set,,,12,1
HLA-A0206,TKEKQSSEE,0,9,CapsNet_independent_set,,,13,1
HLA-A0206,ARLLDELAG,0,9,CapsNet_independent_set,,,14,1
HLA-A0206,SQVDQLLNI,1,9,CapsNet_train_data,,,15,1
HLA-A0206,SNHMDMVRI,0,9,CapsNet_independent_set,,,16,1
HLA-A0206,YLVTRHADV,1,9,CapsNet_train_data,,,17,1
HLA-A0206,RDRKVAKSL,0,9,CapsNet_train_data,,,18,1
HLA-A0206,SVLQSIEKI,1,9,CapsNet_independent_set,,,19,1
HLA-A0207,MMPPPPAAM,1,9,CapsNet_independent_set,,,0,1
HLA-A0207,ELKYSSTLT,0,9,CapsNet_independent_set,,,1,1
HLA-A0207,AVDNILLKL,1,9,CapsNet_train_data,,,2,1
HLA-A0207,ECIRRLIEV,0,9,CapsNet_independent_set,,,3,1
HLA-A0207,ILPEMVGSM,1,9,NetMHCpan,,,4,1
HLA-A0207,QQNAESQGK,0,9,CapsNet_train_data,,,5,1
HLA-A0207,ALLDRIVSV,1,9,CapsNet_train_data,,,6,1
HLA-A0207,DQLKQNATK,0,9,CapsNet_train_data,,,7,1
HLA-A0207,IIDQIQDAL,1,9,CapsNet_independent_set,,,8,1
HLA-A0207,LRRIEIATY,0,9,CapsNet_train_data,,,9,1
HLA-A0207,AVDNLVERL,1,9,CapsNet_independent_set,,,10,1
HLA-A0207,SLFDIISKI,1,9,CapsNet_independent_set,,,11,1
HLA-A0207,PNEKAAIKA,0,9,CapsNet_independent_set,,,12,1
HLA-A0207,ALPHAILRL,1,9,CapsNet_train_data,,,13,1
HLA-A0207,KGYLWKAAG,0,9,CapsNet_train_data,,,14,1
HLA-A0207,FLDGNEMTL,1,9,NetMHCpan,,,15,1
HLA-A0207,ARQHLQKMP,0,9,CapsNet_independent_set,,,16,1
HLA-A0207,ILDQKINEV,1,9,CapsNet_train_data,,,17,1
HLA-A0207,RLETLRVAW,0,9,CapsNet_train_data,,,18,1
HLA-A0207,LLMSFSVCL,1,9,CapsNet_train_data,,,19,1
HLA-A0211,MLAESCDSV,1,9,CapsNet_train_data,,,0,1
HLA-A0211,TPSNVDQVS,0,9,CapsNet_train_data,,,1,1
HLA-A0211,SLVAIHLAC,1,9,CapsNet_train_data,,,2,1
HLA-A0211,VSPLAVTWW,1,9,CapsNet_train_data,,,3,1
HLA-A0211,ILDSDNYSP,0,9,CapsNet_independent_set,,,4,1
HLA-A0211,HLKRTILAL,1,9,CapsNet_train_data,,,5,1
HLA-A0211,RTIKRSITH,0,9,CapsNet_train_data,,,6,1
HLA-A0212,TINNSLSNI,0,9,CapsNet_train_data,,,0,1
HLA-A0212,MRSKESPDL,0,9,CapsNet_independent_set,,,1,1
HLA-A0212,VSNSEEGID,0,9,CapsNet_test_data,,,2,1
HLA-A0212,KIFEYGFTF,1,9,CapsNet_train_data,,,3,1
HLA-A0212,SRVRCMALK,0,9,CapsNet_train_data,,,4,1
HLA-A0212,WLSQTTLSV,1,9,CapsNet_train_data,,,5,1
HLA-A0214,FVLPELPSV,1,9,NetMHCpan,,,0,1
HLA-A0216,TVSERILPL,1,9,CapsNet_train_data,,,0,1
HLA-A0216,VRKSQRSRQ,0,9,CapsNet_train_data,,,1,1
HLA-A0216,PLWVLRLTA,0,9,CapsNet_train_data,,,2,1
HLA-A0216,FLFMDRDAL,1,9,CapsNet_train_data,,,3,1
HLA-A0217,TVITPKMLV,0,9,CapsNet_test_data,,,0,1
HLA-A0217,QDAPAATRQ,0,9,CapsNet_independent_set,,,1,1
HLA-A0217,LLRFAIATL,0,9,CapsNet_train_data,,,2,1
HLA-A0219,TTSIGMCDI,0,9,CapsNet_train_data,,,0,1
HLA-A0219,FLLDYEGTL,1,9,CapsNet_independent_set,,,1,1
HLA-A0219,SGSESPSLD,0,9,CapsNet_train_data,,,2,1
HLA-A0219,DLYDYITRI,1,9,CapsNet_train_data,,,3,1
HLA-A0220,LLDRFLATV,1,9,CapsNet_train_data,,,0,1
HLA-A0220,LRAEIEGVK,0,9,CapsNet_train_data,,,1,1
HLA-A0220,HLYARQLTL,1,9,CapsNet_train_data,,,2,1
HLA-A0220,VVEYSDVIL,0,9,CapsNet_test_data,,,3,1
HLA-A0220,KIIQRLVEI,1,9,CapsNet_independent_set,,,4,1
HLA-A0220,YNKNSINNQ,0,9,CapsNet_test_data,,,5,1
HLA-A0220,ALLKRLEAV,1,9,CapsNet_independent_set,,,6,1
HLA-A0220,EFLSMANVE,0,9,CapsNet_train_data,,,7,1
HLA-A0220,KVFERQLQL,1,9,CapsNet_train_data,,,8,1
HLA-A0220,PSRRSENRV,0,9,CapsNet_train_data,,,9,1
HLA-A0220,RLSEVQASL,1,9,CapsNet_train_data,,,10,1
HLA-A0220,FSVLSTLIR,0,9,CapsNet_train_data,,,11,1
HLA-A0220,KILEELQKV,1,9,CapsNet_train_data,,,12,1
HLA-A0220,KLQQKVDEL,1,9,CapsNet_train_data,,,13,1
HLA-A0220,SDSDDEDDN,0,9,CapsNet_test_data,,,14,1
HLA-A0220,RIMEIVDAI,1,9,CapsNet_train_data,,,15,1
HLA-A0250,KMVGTVQRV,1,9,CapsNet_train_data,,,0,1
HLA-A0250,SRALTKLRP,0,9,CapsNet_independent_set,,,1,1
HLA-A0301,QDVAQKIVA,0,9,CapsNet_train_data,,,0,1
HLA-A0301,RINTANSRK,1,9,CapsNet_train_data,,,1,1
HLA-A0301,VPLISNKIC,0,9,CapsNet_train_data,,,2,1
HLA-A0301,EIYSGCTKK,1,9,CapsNet_independent_set,,,3,1
HLA-A0301,TVFRTPAIK,1,9,CapsNet_train_data,,,4,1
HLA-A0301,PKTRSRSTS,0,9,CapsNet_independent_set,,,5,1
HLA-A0301,CSSKDLQSS,0,9,CapsNet_test_data,,,6,1
HLA-A0301,TDKIARWNV,0,9,CapsNet_independent_set,,,7,1
HLA-A0301,PISASDMQK,1,9,CapsNet_train_data,,,8,1
HLA-A0301,QIIEQLIKK,1,9,CapsNet_independent_set,,,9,1
HLA-A0301,NITEEEDTW,0,9,CapsNet_train_data,,,10,1
HLA-A0301,RLSSSLDNK,1,9,CapsNet_train_data,,,11,1
HLA-A0301,VLDMCAALK,1,9,CapsNet_train_data,,,12,1
HLA-A0301,WRQDQYDCA,0,9,CapsNet_train_data,,,13,1
HLA-A0301,LVAIIIIVL,0,9,CapsNet_train_data,,,14,1
HLA-A0301,PKKAIQESN,0,9,CapsNet_train_data,,,15,1
HLA-A0301,KITSSVLHY,1,9,CapsNet_train_data,,,16,1
HLA-A0301,KSTAPVKTK,1,9,CapsNet_train_data,,,17,1
HLA-A0301,HSFNRAIHK,1,9,CapsNet_train_data,,,18,1
HLA-A0301,TSKTTILSK,1,9,CapsNet_train_data,,,19,1
HLA-A0302,QLAQEAAQK,1,9,NetMHCpan,,,0,1
HLA-A0302,QTYVGITEK,1,9,NetMHCpan,,,1,1
HLA-A1101,MLFTSTNDK,1,9,CapsNet_train_data,,,0,1
HLA-A1101,FARSRSIST,0,9,CapsNet_independent_set,,,1,1
HLA-A1101,SSSSVLINK,1,9,CapsNet_independent_set,,,2,1
HLA-A1101,LDHALNDMT,0,9,CapsNet_independent_set,,,3,1
HLA-A1101,FLRSIAMLK,1,9,CapsNet_independent_set,,,4,1
HLA-A1101,AQLNKENWT,0,9,CapsNet_train_data,,,5,1
HLA-A1101,DAIKSLWND,0,9,CapsNet_train_data,,,6,1
HLA-A1101,SSITDPLIK,1,9,CapsNet_train_data,,,7,1
HLA-A1101,AKRLRALHM,0,9,CapsNet_train_data,,,8,1
HLA-A1101,RITDVLDQK,1,9,CapsNet_independent_set,,,9,1
HLA-A1101,SEETESTQC,0,9,CapsNet_train_data,,,10,1
HLA-A1101,KVCRTLLAK,1,9,CapsNet_train_data,,,11,1
HLA-A1101,ASTFVDQCK,1,9,CapsNet_train_data,,,12,1
HLA-A1101,AVINTTCNY,1,9,CapsNet_independent_set,,,13,1
HLA-A1101,AIFQCSMTK,1,9,CapsNet_train_data,,,14,1
HLA-A1101,SSIRHMIRK,1,9,NetMHCpan,,,15,1
HLA-A1101,RLRQADRAS,0,9,CapsNet_train_data,,,16,1
HLA-A1101,TTSSPCKGR,0,9,CapsNet_test_data,,,17,1
HLA-A1101,DLKSTLRVL,0,9,CapsNet_train_data,,,18,1
HLA-A1101,WEKLNTGTW,0,9,CapsNet_independent_set,,,19,1
HLA-A2301,QANLKAMGD,0,9,CapsNet_train_data,,,0,1
HLA-A2301,HYIERIQKL,1,9,CapsNet_independent_set,,,1,1
HLA-A2301,AYDTVRWEF,1,9,CapsNet_train_data,,,2,1
HLA-A2301,QALQETEPN,0,9,CapsNet_train_data,,,3,1
HLA-A2301,DYMTSMKRF,1,9,CapsNet_train_data,,,4,1
HLA-A2301,IYNQVKQII,1,9,CapsNet_train_data,,,5,1
HLA-A2301,MMLKLLTDF,1,9,CapsNet_train_data,,,6,1
HLA-A2301,GPSPPGAKR,0,9,CapsNet_train_data,,,7,1
HLA-A2301,VYSQFITQL,1,9,CapsNet_train_data,,,8,1
HLA-A2301,NAKRKKKVA,0,9,CapsNet_independent_set,,,9,1
HLA-A2301,YTAVVPLVY,1,9,CapsNet_train_data,,,10,1
HLA-A2301,DLRSTLISL,0,9,CapsNet_train_data,,,11,1
HLA-A2301,RVSGVDRYY,1,9,CapsNet_train_data,,,12,1
HLA-A2301,NYIRITSEI,1,9,CapsNet_train_data,,,13,1
HLA-A2301,ALMISTCIL,0,9,CapsNet_independent_set,,,14,1
HLA-A2301,AFIKDQSAL,1,9,CapsNet_independent_set,,,15,1
HLA-A2301,KAKTLDVKS,0,9,CapsNet_test_data,,,16,1
HLA-A2301,LATLTAAGI,0,9,CapsNet_train_data,,,17,1
HLA-A2301,QYDEAVAQF,1,9,CapsNet_train_data,,,18,1
HLA-A2301,TYISRSFQV,1,9,CapsNet_train_data,,,19,1
HLA-A2402,MFAVGTWMM,1,9,CapsNet_independent_set,,,0,1
HLA-A2402,SDVISKRSG,0,9,CapsNet,,,1,1
HLA-A2402,QILQSTAGI,0,9,CapsNet_train_data,,,2,1
HLA-A2402,IYQKRCEAF,1,9,CapsNet_train_data,,,3,1
HLA-A2402,KYITQGQLL,1,9,CapsNet_train_data,,,4,1
HLA-A2402,RGWRGATAG,0,9,CapsNet,,,5,1
HLA-A2402,IYENSWTKL,1,9,CapsNet,,,6,1
HLA-A2402,SAVRRLCSR,0,9,CapsNet_train_data,,,7,1
HLA-A2402,IRCANRKME,0,9,CapsNet,,,8,1
HLA-A2402,RYVQQLQRL,1,9,CapsNet_train_data,,,9,1
HLA-A2402,RKRRSSRRS,0,9,CapsNet_train_data,,,10,1
HLA-A2402,CDSSVQGAL,0,9,CapsNet,,,11,1
HLA-A2402,AYNRIVDAL,1,9,CapsNet_independent_set,,,12,1
HLA-A2402,VVPDQLMAF,1,9,CapsNet_independent_set,,,13,1
HLA-A2402,WMACNSAAF,1,9,CapsNet_train_data,,,14,1
HLA-A2402,RQSWAAALQ,0,9,CapsNet_independent_set,,,15,1
HLA-A2402,FSQSHKCIL,0,9,CapsNet_train_data,,,16,1
HLA-A2402,SYINELRTF,1,9,CapsNet_train_data,,,17,1
HLA-A2402,ACEEQDGRL,0,9,CapsNet_independent_set,,,18,1
HLA-A2402,EYNKSWQTF,1,9,CapsNet_independent_set,,,19,1
HLA-A2403,MYLRTIYDL,1,9,CapsNet_train_data,,,0,1
HLA-A2403,SEEKRKLAQ,0,9,CapsNet_test_data,,,1,1
HLA-A2403,TYGVCSKAF,1,9,CapsNet_independent_set,,,2,1
HLA-A2403,QYVLMPGKV,1,9,CapsNet_train_data,,,3,1
HLA-A2403,SEDSNNPTL,0,9,CapsNet_independent_set,,,4,1
HLA-A2403,WMILRAISF,1,9,CapsNet_train_data,,,5,1
HLA-A2403,SKELLMKLR,0,9,CapsNet_test_data,,,6,1
HLA-A2406,VFKTTLNEF,1,9,CapsNet_independent_set,,,0,1
HLA-A2406,RSSVSSLSS,0,9,CapsNet_independent_set,,,1,1
HLA-A2413,KYIQRQETI,1,9,CapsNet_independent_set,,,0,1
HLA-A2413,PVRRGASSS,0,9,CapsNet_independent_set,,,1,1
HLA-A2413,VYAQVARLF,1,9,CapsNet_train_data,,,2,1
HLA-A2501,TAELTKVFE,0,9,CapsNet_train_data,,,0,1
HLA-A2501,DLKSALAKF,1,9,NetMHCpan,,,1,1
HLA-A2501,DVISSIRNF,1,9,CapsNet_independent_set,,,2,1
HLA-A2501,EIIQEVGKL,1,9,NetMHCpan,,,3,1
HLA-A2501,RATSFLLAL,0,9,CapsNet_independent_set,,,4,1
HLA-A2501,ETAHEAEQW,1,9,NetMHCpan,,,5,1
HLA-A2601,VRSRLTASS,0,9,CapsNet_train_data,,,0,1
HLA-A2601,ELAQQIQKV,1,9,CapsNet_train_data,,,1,1
HLA-A2601,EVAEYGTCY,1,9,CapsNet_train_data,,,2,1
HLA-A2601,CVFLSCIAM,0,9,CapsNet_independent_set,,,3,1
HLA-A2601,EVIKQLRKL,1,9,CapsNet_train_data,,,4,1
HLA-A2601,WQGPSAAAY,1,9,CapsNet_train_data,,,5,1
HLA-A2601,DTACLAKSY,1,9,CapsNet_train_data,,,6,1
HLA-A2601,KDTQELNSA,0,9,CapsNet_train_data,,,7,1
HLA-A2601,EAIRDMVRY,1,9,CapsNet_train_data,,,8,1
HLA-A2601,GSNAKEDNC,0,9,CapsNet_train_data,,,9,1
HLA-A2601,RDNANRIIK,0,9,CapsNet_independent_set,,,10,1
HLA-A2601,SLLQILMVV,0,9,CapsNet_independent_set,,,11,1
HLA-A2601,CSLNRTQCT,0,9,CapsNet_train_data,,,12,1
HLA-A2601,RSESSSPRR,0,9,CapsNet_test_data,,,13,1
HLA-A2601,VFNLIQDVQ,0,9,CapsNet_train_data,,,14,1
HLA-A2601,FVISNTTGY,1,9,CapsNet_train_data,,,15,1
HLA-A2601,EIISTVTSF,1,9,NetMHCpan,,,16,1
HLA-A2601,EIKETLRQY,1,9,CapsNet_train_data,,,17,1
HLA-A2601,NVVKTGRVM,0,9,CapsNet_test_data,,,18,1
HLA-A2601,IMNHLMTLY,1,9,CapsNet_independent_set,,,19,1
HLA-A2602,MVTVSNRLV,0,9,CapsNet_train_data,,,0,1
HLA-A2602,IMYDSGAKY,1,9,CapsNet_train_data,,,1,1
HLA-A2602,RNEVAQLKQ,0,9,CapsNet_train_data,,,2,1
HLA-A2602,EAMDTISVF,1,9,CapsNet_train_data,,,3,1
HLA-A2603,TIINLAQNF,1,9,NetMHCpan,,,0,1
HLA-A2603,ASGTGGESS,0,9,CapsNet_train_data,,,1,1
HLA-A2902,VVQALRLLY,1,9,CapsNet_train_data,,,0,1
HLA-A2902,SKCVTIPRS,0,9,CapsNet_test_data,,,1,1
HLA-A2902,TDNIVSQWD,0,9,CapsNet_train_data,,,2,1
HLA-A2902,FINSKCAKY,1,9,CapsNet_train_data,,,3,1
HLA-A2902,MMCSSCQEA,0,9,CapsNet_independent_set,,,4,1
HLA-A2902,QQNSDQNSN,0,9,CapsNet_train_data,,,5,1
HLA-A2902,FFAAITNKY,1,9,CapsNet_train_data,,,6,1
HLA-A2902,QSFTGSRTY,1,9,CapsNet_independent_set,,,7,1
HLA-A2902,SEKCDILSI,0,9,CapsNet_train_data,,,8,1
HLA-A2902,AMCQNGKLV,0,9,CapsNet_train_data,,,9,1
HLA-A2902,QVLQLCLRY,1,9,CapsNet_train_data,,,10,1
HLA-A2902,KAMNLDKQT,0,9,CapsNet_test_data,,,11,1
HLA-A2902,AVSNLALQF,1,9,CapsNet_train_data,,,12,1
HLA-A2902,KLANIVERY,1,9,CapsNet_train_data,,,13,1
HLA-A2902,AVMSHTLIY,1,9,CapsNet_independent_set,,,14,1
HLA-A2902,IITAWIILC,0,9,CapsNet_independent_set,,,15,1
HLA-A2902,QNTRENLTG,0,9,CapsNet_independent_set,,,16,1
HLA-A2902,SILEECLQY,1,9,CapsNet_independent_set,,,17,1
HLA-A2902,CPVMAGGPR,0,9,CapsNet_train_data,,,18,1
HLA-A2902,LMFNNAWLY,1,9,CapsNet_train_data,,,19,1
HLA-A3001,VANNTRLWV,1,9,CapsNet_independent_set,,,0,1
HLA-A3001,KVFNQPKAK,1,9,NetMHCpan,,,1,1
HLA-A3001,VECTMVEKR,0,9,CapsNet_test_data,,,2,1
HLA-A3001,SNSDSEDES,0,9,CapsNet_train_data,,,3,1
HLA-A3001,TTIEDILPK,1,9,CapsNet_train_data,,,4,1
HLA-A3001,RKREEFIQK,1,9,CapsNet_train_data,,,5,1
HLA-A3001,CRLFQTAIT,0,9,CapsNet_train_data,,,6,1
HLA-A3001,TVGNMVRRV,0,9,CapsNet_test_data,,,7,1
HLA-A3001,RLKEAFDYI,1,9,CapsNet_independent_set,,,8,1
HLA-A3001,KSVLVKQTI,1,9,CapsNet_train_data,,,9,1
HLA-A3001,RVKNILQEV,1,9,CapsNet_independent_set,,,10,1
HLA-A3001,KIFQEMLYI,1,9,CapsNet_train_data,,,11,1
HLA-A3001,NSRSTSLSV,1,9,CapsNet_train_data,,,12,1
HLA-A3001,WKCLDTSQQ,0,9,CapsNet_independent_set,,,13,1
HLA-A3001,HASQIQKVE,0,9,CapsNet_train_data,,,14,1
HLA-A3001,SLLFSGMLF,0,9,CapsNet_train_data,,,15,1
HLA-A3001,RLKGKDMVV,1,9,CapsNet_independent_set,,,16,1
HLA-A3001,SKEIEKLRT,0,9,CapsNet_independent_set,,,17,1
HLA-A3001,VMRSRWSRK,1,9,CapsNet_train_data,,,18,1
HLA-A3001,AVRVPAPSI,1,9,NetMHCpan,,,19,1
HLA-A3002,SCMVNHSTY,1,9,CapsNet_independent_set,,,0,1
HLA-A3002,IARPRMAAA,0,9,CapsNet_independent_set,,,1,1
HLA-A3002,QILTSRINA,0,9,CapsNet_train_data,,,2,1
HLA-A3002,SVQSIRPPY,1,9,NetMHCpan,,,3,1
HLA-A3002,DRESLKSAC,0,9,CapsNet_independent_set,,,4,1
HLA-A3002,LVSTQEFRY,1,9,CapsNet_independent_set,,,5,1
HLA-A3002,AMEDLVRAY,1,9,CapsNet_train_data,,,6,1
HLA-A3002,QQAVQACID,0,9,CapsNet_test_data,,,7,1
HLA-A3002,SNPQDSRHR,0,9,CapsNet_train_data,,,8,1
HLA-A3002,AKSVFNSLY,1,9,CapsNet_train_data,,,9,1
HLA-A3002,VFQSATKII,1,9,CapsNet_train_data,,,10,1
HLA-A3003,RISGVDRYY,1,9,NetMHCpan,,,0,1
HLA-A3004,KTAGLSDLY,1,9,NetMHCpan,,,0,1
HLA-A3101,MATMLEYVR,1,9,CapsNet_train_data,,,0,1
HLA-A3101,LIRACMLVR,1,9,CapsNet_train_data,,,1,1
HLA-A3101,QTSVNTVVR,1,9,CapsNet_train_data,,,2,1
HLA-A3101,ESSCKVTSP,0,9,CapsNet_train_data,,,3,1
HLA-A3101,NKKRSRSRS,0,9,CapsNet_train_data,,,4,1
HLA-A3101,TLESVVQER,0,9,CapsNet_train_data,,,5,1
HLA-A3101,STLNKLIKR,1,9,CapsNet_train_data,,,6,1
HLA-A3101,PARSRSAKR,0,9,CapsNet_train_data,,,7,1
HLA-A3101,WQSLETKTT,0,9,CapsNet_train_data,,,8,1
HLA-A3101,WDTESSGSD,0,9,CapsNet_train_data,,,9,1
HLA-A3101,RVFDMIRRR,1,9,CapsNet_train_data,,,10,1
HLA-A3101,MHTVLDRIA,0,9,CapsNet_train_data,,,11,1
HLA-A3101,KSHLLVHQR,1,9,CapsNet_independent_set,,,12,1
HLA-A3101,KAFKNNLSR,1,9,CapsNet_independent_set,,,13,1
HLA-A3101,CGLARQVRA,0,9,CapsNet_train_data,,,14,1
HLA-A3101,QSRTITVTR,1,9,NetMHCpan,,,15,1
HLA-A3101,DMKQLAEDV,0,9,CapsNet_train_data,,,16,1
HLA-A3101,YLVTKVVAV,0,9,CapsNet_test_data,,,17,1
HLA-A3101,QANARLAKR,1,9,CapsNet_independent_set,,,18,1
HLA-A3101,LVLTNLNPR,1,9,NetMHCpan,,,19,1
HLA-A3201,HHIMTARRS,0,9,CapsNet_test_data,,,0,1
HLA-A3201,SQARTLITF,1,9,CapsNet_train_data,,,1,1
HLA-A3201,ILSHINTVF,1,9,CapsNet_train_data,,,2,1
HLA-A3201,ELRSRIQSL,1,9,CapsNet_train_data,,,3,1
HLA-A3201,KKRKRSRKE,0,9,CapsNet_test_data,,,4,1
HLA-A3201,RICSKAHSW,1,9,CapsNet_train_data,,,5,1
HLA-A3201,VIYQDAISF,1,9,CapsNet_train_data,,,6,1
HLA-A3201,KAFTHRSTF,1,9,CapsNet_train_data,,,7,1
HLA-A3201,VRTRSLLWT,0,9,CapsNet_independent_set,,,8,1
HLA-A3201,LLLTLLAFA,0,9,CapsNet_test_data,,,9,1
HLA-A3201,TDCGGDAPN,0,9,CapsNet_independent_set,,,10,1
HLA-A3201,YSSTLTDMG,0,9,CapsNet_train_data,,,11,1
HLA-A3201,AQHFTHQFF,1,9,CapsNet_train_data,,,12,1
HLA-A3201,KISNIIKQF,1,9,CapsNet_train_data,,,13,1
HLA-A3201,SSFDKTLKV,0,9,CapsNet_train_data,,,14,1
HLA-A3201,KVFDAIMNF,1,9,CapsNet_train_data,,,15,1
HLA-A3201,RVSEIRDAF,1,9,CapsNet_train_data,,,16,1
HLA-A3201,ALTSVLTKI,1,9,CapsNet_train_data,,,17,1
HLA-A3201,KAFNWFSTL,1,9,CapsNet_train_data,,,18,1
HLA-A3201,EKRLKDARA,0,9,CapsNet_train_data,,,19,1
HLA-A3207,KLMDVVYSI,1,9,CapsNet_train_data,,,0,1
HLA-A3207,LANLADMLT,0,9,CapsNet_train_data,,,1,1
HLA-A3215,TKESDEELE,0,9,CapsNet_train_data,,,0,1
HLA-A3215,YVLSFQVTF,1,9,CapsNet_train_data,,,1,1
HLA-A3301,VGSSISRET,0,9,CapsNet_train_data,,,0,1
HLA-A3301,NLIRSVRTV,0,9,CapsNet_train_data,,,1,1
HLA-A3301,KMRDMRMDK,0,9,CapsNet_train_data,,,2,1
HLA-A3301,STHLTQHQK,0,9,CapsNet_test_data,,,3,1
HLA-A3301,TMPLVMAWR,1,9,CapsNet_train_data,,,4,1
HLA-A3301,SQRQDSDAL,0,9,CapsNet_test_data,,,5,1
HLA-A3301,FMRFFQLLR,1,9,CapsNet_train_data,,,6,1
HLA-A3301,QVKDNIISR,1,9,CapsNet_independent_set,,,7,1
HLA-A3301,TLISSDGAR,1,9,CapsNet_train_data,,,8,1
HLA-A3301,AEDLGSKIL,0,9,CapsNet_test_data,,,9,1
HLA-A3301,NTVQRRVRP,0,9,CapsNet_train_data,,,10,1
HLA-A6601,IYQASGSTI,0,9,CapsNet_train_data,,,0,1
HLA-A6601,EVTDYAIAR,1,9,CapsNet_train_data,,,1,1
HLA-A6602,SSMFGTLPR,1,9,NetMHCpan,,,0,1
HLA-A6801,NLFSKNILK,1,9,CapsNet_train_data,,,0,1
HLA-A6801,ALMTTLTQN,0,9,CapsNet_independent_set,,,1,1
HLA-A6801,MNSLRKSNT,0,9,CapsNet_independent_set,,,2,1
HLA-A6801,CLEWLRAKR,1,9,CapsNet_train_data,,,3,1
HLA-A6801,STELIRRVR,1,9,CapsNet_train_data,,,4,1
HLA-A6801,LREALSDVV,0,9,CapsNet_train_data,,,5,1
HLA-A6801,EIAASKCRR,1,9,CapsNet_train_data,,,6,1
HLA-A6801,RFLQQQAAH,0,9,CapsNet_independent_set,,,7,1
HLA-A6801,NVAQLINER,1,9,CapsNet_train_data,,,8,1
HLA-A6801,VWAHNLIAI,0,9,CapsNet_train_data,,,9,1
HLA-A6801,SLANIARQR,1,9,CapsNet_train_data,,,10,1
HLA-A6801,SQKDRKAGS,0,9,CapsNet_test_data,,,11,1
HLA-A6801,WRTSGRGPW,0,9,CapsNet_train_data,,,12,1
HLA-A6801,KAANVLITR,1,9,CapsNet_train_data,,,13,1
HLA-A6801,NTAAQITQR,1,9,CapsNet_train_data,,,14,1
HLA-A6801,QAANDSVCR,1,9,CapsNet_train_data,,,15,1
HLA-A6801,KTRALIDSV,0,9,CapsNet_test_data,,,16,1
HLA-A6801,SSASPQPKR,1,9,CapsNet_train_data,,,17,1
HLA-A6801,DCMSEQQAR,1,9,CapsNet_train_data,,,18,1
HLA-A6801,ELVRRILSR,1,9,CapsNet_independent_set,,,19,1
HLA-A6802,DVFVHQTAI,1,9,CapsNet_train_data,,,0,1
HLA-A6802,KQCALAALK,0,9,CapsNet_test_data,,,1,1
HLA-A6802,QTASILKQL,1,9,CapsNet_train_data,,,2,1
HLA-A6802,LLCLIFLLV,1,9,CapsNet_independent_set,,,3,1
HLA-A6802,RIITILQDI,1,9,CapsNet_train_data,,,4,1
HLA-A6802,FANNGFTLV,1,9,CapsNet_independent_set,,,5,1
HLA-A6802,GQDTGATWR,0,9,CapsNet_independent_set,,,6,1
HLA-A6802,IVAHIIQKI,1,9,CapsNet_independent_set,,,7,1
HLA-A6802,KKQSEKKDN,0,9,CapsNet_train_data,,,8,1
HLA-A6802,ETASIDIQI,1,9,CapsNet_train_data,,,9,1
HLA-A6802,SRRLSDLQK,0,9,CapsNet_train_data,,,10,1
HLA-A6802,RVFKKIMSI,1,9,CapsNet_independent_set,,,11,1
HLA-A6802,EIANILQEL,1,9,CapsNet_train_data,,,12,1
HLA-A6802,VRAMKDKLG,0,9,CapsNet_test_data,,,13,1
HLA-A6802,AVCAKRFTQ,0,9,CapsNet_independent_set,,,14,1
HLA-A6802,FLFSDVCRV,1,9,CapsNet_train_data,,,15,1
HLA-A6802,KVCMDLRAN,0,9,CapsNet_train_data,,,16,1
HLA-A6802,AAAASAKDI,0,9,CapsNet_test_data,,,17,1
HLA-A6802,KNLIESMQI,0,9,CapsNet_train_data,,,18,1
HLA-A6802,KFTHISALL,0,9,CapsNet_train_data,,,19,1
HLA-A6823,TVPIIKLTD,0,9,CapsNet_train_data,,,0,1
HLA-A6823,YSFSRAYTL,1,9,CapsNet_train_data,,,1,1
HLA-A6901,SCNPVVLEE,0,9,CapsNet_train_data,,,0,1
HLA-A6901,ETLLFQTEL,1,9,CapsNet_independent_set,,,1,1
HLA-A6901,NVIETQFTV,1,9,CapsNet_train_data,,,2,1
HLA-A6901,LASHSGSSG,0,9,CapsNet_independent_set,,,3,1
HLA-A6901,AAGAAALAL,0,9,CapsNet_train_data,,,4,1
HLA-A6901,LAIPATEFF,0,9,CapsNet_train_data,,,5,1
HLA-A6901,RALTKCREF,0,9,CapsNet_train_data,,,6,1
HLA-A6901,SLCARVQAV,0,9,CapsNet_independent_set,,,7,1
HLA-A6901,KQEKKKKKT,0,9,CapsNet_train_data,,,8,1
HLA-A6901,WMLGTGVYL,1,9,CapsNet_train_data,,,9,1
HLA-A6901,EAVSVIQSI,1,9,CapsNet_train_data,,,10,1
HLA-A6901,TVIRPLPGL,1,9,CapsNet_train_data,,,11,1
HLA-A6901,GHELQSFLK,0,9,CapsNet_test_data,,,12,1
HLA-A6901,FVPETQVSL,1,9,CapsNet_train_data,,,13,1
HLA-A6901,AEAKLKKNR,0,9,CapsNet_train_data,,,14,1
HLA-A6901,EILKNLSQV,1,9,CapsNet_train_data,,,15,1
HLA-A6901,EAMTQIIRV,1,9,CapsNet_independent_set,,,16,1
HLA-A8001,LREVAENAR,0,9,CapsNet_independent_set,,,0,1
HLA-A8001,ALTDLGLIY,1,9,CapsNet_train_data,,,1,1
HLA-A8001,ETIEILRNY,1,9,CapsNet_train_data,,,2,1
HLA-B0702,YANCSSISI,1,9,CapsNet_train_data,,,0,1
HLA-B0702,TPGNRAISL,1,9,CapsNet_train_data,,,1,1
HLA-B0702,DNNQQSADS,0,9,CapsNet_train_data,,,2,1
HLA-B0702,TPSSCSSSL,1,9,CapsNet_independent_set,,,3,1
HLA-B0702,AMENWISKK,0,9,CapsNet_train_data,,,4,1
HLA-B0702,NIRQAASSL,1,9,CapsNet_independent_set,,,5,1
HLA-B0702,ILVILFKCG,0,9,CapsNet_train_data,,,6,1
HLA-B0702,APINSAQHL,1,9,CapsNet_independent_set,,,7,1
HLA-B0702,QPTCPGAQL,1,9,NetMHCpan,,,8,1
HLA-B0702,VHGNIKASN,0,9,NetMHCpan,,,9,1
HLA-B0702,MPSACANGW,1,9,CapsNet_train_data,,,10,1
HLA-B0702,CITSTYECL,0,9,CapsNet_test_data,,,11,1
HLA-B0702,KPSSWLRTL,1,9,CapsNet_train_data,,,12,1
HLA-B0702,TPKDNNKTL,1,9,CapsNet_train_data,,,13,1
HLA-B0702,WMPDSQCKE,0,9,NetMHCpan,,,14,1
HLA-B0702,AKIDRTARD,0,9,CapsNet_test_data,,,15,1
HLA-B0702,NHMISQADD,0,9,CapsNet_test_data,,,16,1
HLA-B0702,APTPAPSTI,1,9,CapsNet_train_data,,,17,1
HLA-B0702,LPQKIQCTL,1,9,CapsNet_train_data,,,18,1
HLA-B0702,APALRQANI,1,9,CapsNet_train_data,,,19,1
HLA-B0801,KSTSTQKDS,0,9,CapsNet_independent_set,,,0,1
HLA-B0801,IVQQKALPL,1,9,CapsNet,,,1,1
HLA-B0801,DSAERTINL,1,9,CapsNet,,,2,1
HLA-B0801,ALTETWACS,0,9,CapsNet,,,3,1
HLA-B0801,ELLQRCQQL,1,9,CapsNet_train_data,,,4,1
HLA-B0801,VECIAMSNS,0,9,CapsNet,,,5,1
HLA-B0801,VYDAAVRWL,1,9,CapsNet,,,6,1
HLA-B0801,EMRQKIRQL,1,9,CapsNet_train_data,,,7,1
HLA-B0801,NKVSSLRRS,0,9,CapsNet,,,8,1
HLA-B0801,EIKRQNQSL,1,9,CapsNet,,,9,1
HLA-B0801,QSALKTFAV,1,9,CapsNet,,,10,1
HLA-B0801,NAKIKREWL,1,9,CapsNet,,,11,1
HLA-B0801,GHFSLSQWD,0,9,CapsNet,,,12,1
HLA-B0801,CSRDVKQML,0,9,CapsNet_independent_set,,,13,1
HLA-B0801,DIKARALQV,1,9,CapsNet_independent_set,,,14,1
HLA-B0801,ASQLDNLCT,0,9,CapsNet_test_data,,,15,1
HLA-B0801,FMQEKARQL,1,9,CapsNet,,,16,1
HLA-B0801,ALKKIAKSV,1,9,CapsNet,,,17,1
HLA-B0801,FLLDRSANV,1,9,CapsNet_independent_set,,,18,1
HLA-B0801,IPRAKSTWL,1,9,CapsNet,,,19,1
HLA-B1301,KKLQREKKI,1,9,NetMHCpan,,,0,1
HLA-B1302,LGEFATDIR,0,9,CapsNet_train_data,,,0,1
HLA-B1302,RIMEVIDAI,1,9,CapsNet_independent_set,,,1,1
HLA-B1302,VNQTRSLRQ,0,9,CapsNet_train_data,,,2,1
HLA-B1302,WQSSETRSI,1,9,CapsNet_independent_set,,,3,1
HLA-B1302,NNAQNNNAN,0,9,CapsNet_independent_set,,,4,1
HLA-B1302,RQLKDSKQI,1,9,CapsNet_train_data,,,5,1
HLA-B1302,DLQSNLLQV,1,9,NetMHCpan,,,6,1
HLA-B1302,SQLFGTLMI,1,9,CapsNet_train_data,,,7,1
HLA-B1302,SQCSQSLSV,1,9,CapsNet_train_data,,,8,1
HLA-B1302,KIRELESQI,1,9,CapsNet_train_data,,,9,1
HLA-B1302,QRSCIENIL,0,9,CapsNet_train_data,,,10,1
HLA-B1302,AQGKMKLLI,1,9,CapsNet_train_data,,,11,1
HLA-B1302,SVTMILVAW,0,9,CapsNet_train_data,,,12,1
HLA-B1302,EQATIKQCV,1,9,NetMHCpan,,,13,1
HLA-B1302,NLSALNLKI,1,9,CapsNet_independent_set,,,14,1
HLA-B1302,NEATNITPK,0,9,CapsNet_train_data,,,15,1
HLA-B1302,SLTFNANPD,0,9,CapsNet_train_data,,,16,1
HLA-B1302,RIFGESIMI,1,9,CapsNet_train_data,,,17,1
HLA-B1302,MQTKVVERI,1,9,CapsNet_train_data,,,18,1
HLA-B1302,AQARALIKI,1,9,CapsNet_independent_set,,,19,1
HLA-B1401,HLEQQQAIQ,0,9,CapsNet_train_data,,,0,1
HLA-B1401,DRVFRNETL,1,9,CapsNet_train_data,,,1,1
HLA-B1402,QIRDIMQAL,1,9,CapsNet_train_data,,,0,1
HLA-B1402,AAANKRLKD,0,9,CapsNet_train_data,,,1,1
HLA-B1402,ENCQRNASL,1,9,CapsNet_independent_set,,,2,1
HLA-B1402,QIRTNGSAL,1,9,CapsNet_train_data,,,3,1
HLA-B1402,PCLTALDTT,0,9,CapsNet_train_data,,,4,1
HLA-B1402,DHFIRTLSL,1,9,CapsNet_independent_set,,,5,1
HLA-B1402,SDSSDSESD,0,9,CapsNet_train_data,,,6,1
HLA-B1402,KPSTKALVL,1,9,CapsNet_independent_set,,,7,1
HLA-B1402,QLIDKVWQL,1,9,CapsNet_train_data,,,8,1
HLA-B1402,CPQVINAAL,0,9,CapsNet_train_data,,,9,1
HLA-B1402,NQWSRIASL,1,9,CapsNet_train_data,,,10,1
HLA-B1402,VDNTIKRPN,0,9,CapsNet_independent_set,,,11,1
HLA-B1402,SPRATASAL,1,9,CapsNet_train_data,,,12,1
HLA-B1402,IILMMVFLH,0,9,CapsNet_train_data,,,13,1
HLA-B1402,KRFSGTVRL,1,9,CapsNet_train_data,,,14,1
HLA-B1402,TRATILVRL,1,9,CapsNet_train_data,,,15,1
HLA-B1402,DRYLTEQCL,1,9,CapsNet_train_data,,,16,1
HLA-B1402,AGLIQSAWR,0,9,CapsNet_train_data,,,17,1
HLA-B1402,CNECGKAFS,0,9,CapsNet_train_data,,,18,1
HLA-B1402,FLVDMTMHL,1,9,CapsNet_train_data,,,19,1
HLA-B1403,ERDAAKQRL,1,9,NetMHCpan,,,0,1
HLA-B1501,PDGGDQGGA,0,9,CapsNet_train_data,,,0,1
HLA-B1501,AIINNCQTF,1,9,CapsNet_train_data,,,1,1
HLA-B1501,AKTLKEIRT,0,9,CapsNet_test_data,,,2,1
HLA-B1501,KIKQSSPNY,1,9,CapsNet_train_data,,,3,1
HLA-B1501,HQHQAAQAL,1,9,CapsNet_independent_set,,,4,1
HLA-B1501,ALIQKWLSY,1,9,NetMHCpan,,,5,1
HLA-B1501,AQMVTQAMW,1,9,CapsNet_train_data,,,6,1
HLA-B1501,AQTKEQADF,1,9,CapsNet_independent_set,,,7,1
HLA-B1501,IKAYDKAVA,0,9,CapsNet_train_data,,,8,1
HLA-B1501,MDTCLQKTN,0,9,CapsNet_train_data,,,9,1
HLA-B1501,ILNQDAKNY,1,9,CapsNet_independent_set,,,10,1
HLA-B1501,KLSCTNCTT,0,9,CapsNet_train_data,,,11,1
HLA-B1501,FIITALPTI,0,9,CapsNet_train_data,,,12,1
HLA-B1501,CQTQLKSLY,1,9,CapsNet_independent_set,,,13,1
HLA-B1501,PHCQTLASQ,0,9,CapsNet_train_data,,,14,1
HLA-B1501,RSLLFMQWG,0,9,CapsNet_independent_set,,,15,1
HLA-B1501,TQWKELTQY,1,9,CapsNet_train_data,,,16,1
HLA-B1501,QLDSAQKNL,0,9,CapsNet_test_data,,,17,1
HLA-B1501,NSDRNKSQR,0,9,CapsNet_train_data,,,18,1
HLA-B1501,AISALCQKY,1,9,CapsNet_train_data,,,19,1
HLA-B1502,LAQTTRTAY,1,9,NetMHCpan,,,0,1
HLA-B1502,SNSWYIPKE,0,9,NetMHCpan,,,1,1
HLA-B1502,ALFHKVQSY,1,9,CapsNet_train_data,,,2,1
HLA-B1502,RALHAAFIT,0,9,NetMHCpan,,,3,1
HLA-B1502,FLLSHSALL,1,9,NetMHCpan,,,4,1
HLA-B1502,SLSNAHIDY,1,9,NetMHCpan,,,5,1
HLA-B1502,NIWQERSVY,1,9,NetMHCpan,,,6,1
HLA-B1502,RVPRSTQQC,0,9,CapsNet_train_data,,,7,1
HLA-B1502,TLKADPAMF,1,9,NetMHCpan,,,8,1
HLA-B1502,KRRLAGLHQ,0,9,CapsNet_train_data,,,9,1
HLA-B1502,NQLYLTVSF,1,9,CapsNet_train_data,,,10,1
HLA-B1503,AKFIQSQDY,1,9,NetMHCpan,,,0,1
HLA-B1503,SSPARHGEQ,0,9,CapsNet_train_data,,,1,1
HLA-B1503,AESQELLTF,0,9,CapsNet_train_data,,,2,1
HLA-B1503,RRAARAEYL,1,9,CapsNet_train_data,,,3,1
HLA-B1503,FLVIAINAM,1,9,CapsNet_train_data,,,4,1
HLA-B1503,SLNSIFNTF,1,9,CapsNet_train_data,,,5,1
HLA-B1503,KKIRTSPTF,1,9,NetMHCpan,,,6,1
HLA-B1503,LLGESAVGK,0,9,CapsNet_train_data,,,7,1
HLA-B1503,FMLMETMFF,1,9,CapsNet_train_data,,,8,1
HLA-B1503,AQEDAQRLY,1,9,NetMHCpan,,,9,1
HLA-B1508,MPAGYNNVY,1,9,NetMHCpan,,,0,1
HLA-B1509,YRVRNVQTL,1,9,CapsNet_train_data,,,0,1
HLA-B1509,STSIAATCN,0,9,CapsNet_train_data,,,1,1
HLA-B1510,YKKTKEAVL,1,9,NetMHCpan,,,0,1
HLA-B1510,SHMYSASLL,1,9,NetMHCpan,,,1,1
HLA-B1511,EGRMIVTAY,1,9,CapsNet_train_data,,,0,1
HLA-B1511,TRLLVFATD,0,9,CapsNet_independent_set,,,1,1
HLA-B1511,APRADAKAY,1,9,CapsNet_train_data,,,2,1
HLA-B1511,HLHMETSDF,1,9,CapsNet_train_data,,,3,1
HLA-B1511,PQGPTDKSC,0,9,CapsNet_test_data,,,4,1
HLA-B1511,TMLEGRCQT,0,9,CapsNet_independent_set,,,5,1
HLA-B1511,LPKSAAICY,1,9,CapsNet_train_data,,,6,1
HLA-B1511,LVGTKLDLR,0,9,CapsNet_independent_set,,,7,1
HLA-B1511,TKKDLIKAL,0,9,CapsNet_train_data,,,8,1
HLA-B1511,QSQINHIRN,0,9,CapsNet_train_data,,,9,1
HLA-B1511,FVAEQKVEY,1,9,CapsNet_independent_set,,,10,1
HLA-B1511,QLKTETITY,1,9,CapsNet_train_data,,,11,1
HLA-B1511,DALKTVQAF,1,9,CapsNet_independent_set,,,12,1
HLA-B1511,SLKEEHRAY,1,9,CapsNet_independent_set,,,13,1
HLA-B1511,RPIKWDKSY,1,9,CapsNet_train_data,,,14,1
HLA-B1511,QSDLIEQAA,0,9,CapsNet_train_data,,,15,1
HLA-B1513,TASQVASTW,1,9,NetMHCpan,,,0,1
HLA-B1516,ITNTVGSSI,1,9,NetMHCpan,,,0,1
HLA-B1517,ANMLERLKI,0,9,CapsNet_independent_set,,,0,1
HLA-B1517,KLLNRVIGY,1,9,CapsNet_independent_set,,,1,1
HLA-B1517,ERTTEAEKN,0,9,CapsNet_train_data,,,2,1
HLA-B1517,LAMITMHSW,1,9,CapsNet_train_data,,,3,1
HLA-B1517,LAKSVRDRY,0,9,CapsNet_test_data,,,4,1
HLA-B1517,RSLDDALKL,1,9,CapsNet_train_data,,,5,1
HLA-B1517,LLGTIAFVD,0,9,CapsNet_test_data,,,6,1
HLA-B1517,LTMNLVSDI,1,9,CapsNet_independent_set,,,7,1
HLA-B1518,WGELMNLAT,0,9,CapsNet_train_data,,,0,1
HLA-B1518,SHRFLDSKF,1,9,CapsNet_train_data,,,1,1
HLA-B1518,KHVEAVAYY,1,9,CapsNet_train_data,,,2,1
HLA-B1518,THAAEDIVY,1,9,CapsNet_independent_set,,,3,1
HLA-B1518,NKELSQGLS,0,9,CapsNet_independent_set,,,4,1
HLA-B1518,RAKRRALSS,0,9,CapsNet_train_data,,,5,1
HLA-B1518,FERKNITEY,1,9,CapsNet_train_data,,,6,1
HLA-B1518,NHKKPTRTF,1,9,CapsNet_train_data,,,7,1
HLA-B1518,AQPPVGAAY,1,9,CapsNet_train_data,,,8,1
HLA-B1518,DTESDSDSE,0,9,CapsNet_train_data,,,9,1
HLA-B1518,RHFSKSDSF,1,9,CapsNet_train_data,,,10,1
HLA-B1518,TVIRVLKQK,0,9,CapsNet_test_data,,,11,1
HLA-B1518,VKCPPIGME,0,9,CapsNet_train_data,,,12,1
HLA-B1518,NRFASHTRF,1,9,CapsNet_train_data,,,13,1
HLA-B1518,TWARASSSL,0,9,CapsNet_train_data,,,14,1
HLA-B1518,SHEDYIRQF,1,9,CapsNet_train_data,,,15,1
HLA-B1518,AHFQKSYTL,1,9,CapsNet_train_data,,,16,1
HLA-B1518,LVGDRNDNA,0,9,CapsNet_train_data,,,17,1
HLA-B1542,SGTAQISVR,0,9,CapsNet_test_data,,,0,1
HLA-B1542,RITTTAACM,0,9,CapsNet_train_data,,,1,1
HLA-B1542,YTMELCGAM,1,9,CapsNet_train_data,,,2,1
HLA-B1542,VNYYVDTAV,0,9,CapsNet_train_data,,,3,1
HLA-B1542,ACEQLHQQQ,0,9,CapsNet_train_data,,,4,1
HLA-B1542,RPRVAQLTF,1,9,CapsNet_train_data,,,5,1
HLA-B1801,SSRSESVWT,0,9,CapsNet,,,0,1
HLA-B1801,IEQLLTSDW,1,9,CapsNet,,,1,1
HLA-B1801,EEADRLITY,1,9,CapsNet,,,2,1
HLA-B1801,QNVSDAESC,0,9,CapsNet,,,3,1
HLA-B1801,IVKSKTDAR,0,9,CapsNet,,,4,1
HLA-B1801,DEVTIKDTL,1,9,CapsNet_independent_set,,,5,1
HLA-B1801,FPVSRNANL,1,9,CapsNet,,,6,1
HLA-B1801,MERDSMFAF,1,9,CapsNet,,,7,1
HLA-B1801,IEQDLTQRF,1,9,CapsNet,,,8,1
HLA-B1801,RSRSRSRSR,0,9,CapsNet,,,9,1
HLA-B1801,DELAALRAL,1,9,NetMHCpan,,,10,1
HLA-B1801,ALALLQCVA,0,9,CapsNet,,,11,1
HLA-B1801,FFDHASAAL,1,9,CapsNet,,,12,1
HLA-B1801,DELDSMENY,1,9,CapsNet,,,13,1
HLA-B1801,NMQCRLCAS,0,9,CapsNet,,,14,1
HLA-B1801,GLIKSEGCN,0,9,CapsNet,,,15,1
HLA-B1801,SESNLRKAF,1,9,CapsNet,,,16,1
HLA-B1801,EELLTSTGF,1,9,CapsNet,,,17,1
HLA-B1801,DEFSKWLSK,1,9,CapsNet_independent_set,,,18,1
HLA-B1801,SIERVINIF,1,9,CapsNet,,,19,1
HLA-B1803,TLAAQALRA,0,9,CapsNet_train_data,,,0,1
HLA-B1803,EALEVYRQL,1,9,CapsNet_train_data,,,1,1
HLA-B1803,DETVRVVAL,1,9,CapsNet_train_data,,,2,1
HLA-B2701,CVGKDGEGD,0,9,CapsNet_train_data,,,0,1
HLA-B2701,RRREFVMQV,1,9,CapsNet_train_data,,,1,1
HLA-B2701,MLDVAANQG,0,9,CapsNet_train_data,,,2,1
HLA-B2701,NGTTNQGIA,0,9,CapsNet_train_data,,,3,1
HLA-B2701,TRFAEIIEK,1,9,CapsNet_independent_set,,,4,1
HLA-B2701,ARTLLAILR,1,9,CapsNet_train_data,,,5,1
HLA-B2701,TRLHITVSK,1,9,CapsNet_train_data,,,6,1
HLA-B2701,KRMMKTWTL,1,9,CapsNet_train_data,,,7,1
HLA-B2701,KAKQKSAQQ,0,9,CapsNet_train_data,,,8,1
HLA-B2701,KRLSKVVNI,1,9,CapsNet_independent_set,,,9,1
HLA-B2701,AAIAQADRL,0,9,CapsNet_independent_set,,,10,1
HLA-B2701,HRAQLQIRI,1,9,CapsNet_independent_set,,,11,1
HLA-B2701,CYTELEKAV,0,9,CapsNet_train_data,,,12,1
HLA-B2701,KRKLLINDF,1,9,CapsNet_train_data,,,13,1
HLA-B2701,TKCLSNIQS,0,9,NetMHCpan,,,14,1
HLA-B2701,SRSRITLLL,1,9,CapsNet_train_data,,,15,1
HLA-B2701,NGKNLTLQC,0,9,CapsNet_test_data,,,16,1
HLA-B2701,KRFRESFHL,1,9,CapsNet_train_data,,,17,1
HLA-B2701,QSSSELRPT,0,9,CapsNet_train_data,,,18,1
HLA-B2701,RRLSVYRQI,1,9,CapsNet_train_data,,,19,1
HLA-B2702,CPTKDSSDD,0,9,CapsNet_train_data,,,0,1
HLA-B2702,GRWPGSSLY,1,9,CapsNet_independent_set,,,1,1
HLA-B2702,VSPTQDIRF,0,9,CapsNet_train_data,,,2,1
HLA-B2702,SCEHINNSE,0,9,NetMHCpan,,,3,1
HLA-B2702,TRALLLPLL,1,9,CapsNet_train_data,,,4,1
HLA-B2702,ARLTDYVAF,1,9,CapsNet_independent_set,,,5,1
HLA-B2702,PAEGFIDET,0,9,CapsNet_test_data,,,6,1
HLA-B2702,DRLLHQFSF,1,9,CapsNet_train_data,,,7,1
HLA-B2702,TRILFKNTL,1,9,CapsNet_train_data,,,8,1
HLA-B2702,AEHVEVEDT,0,9,CapsNet_train_data,,,9,1
HLA-B2702,LALICELMD,0,9,CapsNet_test_data,,,10,1
HLA-B2702,ERMQILQNF,1,9,CapsNet_train_data,,,11,1
HLA-B2702,YRFTKLLQI,1,9,CapsNet_independent_set,,,12,1
HLA-B2702,KRDALLLSF,1,9,CapsNet_train_data,,,13,1
HLA-B2702,RRIEVNVEL,1,9,CapsNet_independent_set,,,14,1
HLA-B2702,SIINSVVVV,0,9,CapsNet_test_data,,,15,1
HLA-B2702,VRILINDAY,1,9,CapsNet_train_data,,,16,1
HLA-B2702,SRLQQVDGF,1,9,CapsNet_train_data,,,17,1
HLA-B2702,MTPSRARVG,0,9,CapsNet_independent_set,,,18,1
HLA-B2702,QFLHSGASV,0,9,CapsNet_train_data,,,19,1
HLA-B2703,RRLTNHTKF,1,9,CapsNet_train_data,,,0,1
HLA-B2703,LSTIEFQQQ,0,9,CapsNet_train_data,,,1,1
HLA-B2703,KRIDIMVGM,1,9,CapsNet_train_data,,,2,1
HLA-B2703,ESARSLGKG,0,9,CapsNet_train_data,,,3,1
HLA-B2703,RRFQDAVRL,1,9,CapsNet_train_data,,,4,1
HLA-B2703,GRSLIINHL,1,9,CapsNet_independent_set,,,5,1
HLA-B2703,KRLSNVIWK,0,9,CapsNet_independent_set,,,6,1
HLA-B2703,VISTPGVVA,0,9,CapsNet_train_data,,,7,1
HLA-B2703,TVEELKAAL,0,9,CapsNet_train_data,,,8,1
HLA-B2704,AKLTQSNFA,0,9,NetMHCpan,,,0,1
HLA-B2704,SRLDQELKL,1,9,CapsNet_independent_set,,,1,1
HLA-B2704,DLAFTLEER,0,9,CapsNet_train_data,,,2,1
HLA-B2704,RRLAEIQEL,1,9,CapsNet_independent_set,,,3,1
HLA-B2704,TRLKHIVEL,1,9,CapsNet_train_data,,,4,1
HLA-B2704,NIKLTDISV,0,9,CapsNet_train_data,,,5,1
HLA-B2704,TWEGRRRLN,0,9,CapsNet_independent_set,,,6,1
HLA-B2704,GRFSHRIYV,1,9,CapsNet_train_data,,,7,1
HLA-B2704,CTSDRNQGE,0,9,CapsNet_train_data,,,8,1
HLA-B2704,ARRTMTNAL,1,9,CapsNet_train_data,,,9,1
HLA-B2704,RRFVTKKAL,1,9,CapsNet_independent_set,,,10,1
HLA-B2704,NRSLDTITL,1,9,CapsNet_independent_set,,,11,1
HLA-B2704,FLINTADRI,0,9,CapsNet_independent_set,,,12,1
HLA-B2704,EAERRRIQE,0,9,CapsNet_train_data,,,13,1
HLA-B2704,ARRFVTLDF,1,9,CapsNet_train_data,,,14,1
HLA-B2704,IIDAIQDAV,0,9,CapsNet_train_data,,,15,1
HLA-B2704,QRYETMQCF,1,9,NetMHCpan,,,16,1
HLA-B2704,TSESHLSCL,0,9,CapsNet_train_data,,,17,1
HLA-B2704,RRRDAVIAL,1,9,CapsNet_train_data,,,18,1
HLA-B2704,GRVKGRTGL,1,9,CapsNet_train_data,,,19,1
HLA-B2705,DAQSQSQAD,0,9,CapsNet_test_data,,,0,1
HLA-B2705,NAISSKQRG,1,9,CapsNet_train_data,,,1,1
HLA-B2705,QRIAESNHI,1,9,CapsNet_train_data,,,2,1
HLA-B2705,NVTHKLCSN,0,9,CapsNet_train_data,,,3,1
HLA-B2705,QRTDAVLNI,1,9,CapsNet_independent_set,,,4,1
HLA-B2705,LVLVVVMVW,1,9,CapsNet_train_data,,,5,1
HLA-B2705,WMGIGSACN,0,9,CapsNet_independent_set,,,6,1
HLA-B2705,FSQSTSLCI,0,9,CapsNet_independent_set,,,7,1
HLA-B2705,QRCQLALQN,0,9,CapsNet_independent_set,,,8,1
HLA-B2705,NRIQREIAL,1,9,CapsNet_train_data,,,9,1
HLA-B2705,VAHSESGIQ,0,9,CapsNet_train_data,,,10,1
HLA-B2705,DRMARQWTK,1,9,CapsNet_train_data,,,11,1
HLA-B2705,ARTTIINEI,1,9,CapsNet_train_data,,,12,1
HLA-B2705,WAEKAVDAL,0,9,CapsNet_train_data,,,13,1
HLA-B2705,SRIQDLVAR,1,9,CapsNet_train_data,,,14,1
HLA-B2705,ARCSLSAEV,0,9,CapsNet_train_data,,,15,1
HLA-B2705,ESCRAEIQE,0,9,CapsNet_test_data,,,16,1
HLA-B2705,FGQISSEAI,1,9,CapsNet_train_data,,,17,1
HLA-B2705,ECSALSNRG,0,9,CapsNet_train_data,,,18,1
HLA-B2705,VISSANRAV,0,9,CapsNet_train_data,,,19,1
HLA-B2706,LAGVLEADL,0,9,CapsNet_test_data,,,0,1
HLA-B2706,SRFEEAMKL,1,9,CapsNet_train_data,,,1,1
HLA-B2706,PTVQASKLC,0,9,CapsNet_test_data,,,2,1
HLA-B2706,GRVLPVLHL,1,9,CapsNet_train_data,,,3,1
HLA-B2706,AREELMRML,1,9,CapsNet_train_data,,,4,1
HLA-B2706,LRFPNGVQL,1,9,CapsNet_train_data,,,5,1
HLA-B2706,NFEIHGSAE,0,9,CapsNet_train_data,,,6,1
HLA-B2706,KMVEFLLKK,0,9,CapsNet_test_data,,,7,1
HLA-B2706,KRGILTLKL,1,9,CapsNet_train_data,,,8,1
HLA-B2706,TRIGLETSL,1,9,CapsNet_train_data,,,9,1
HLA-B2706,NRLQYLIDL,1,9,CapsNet_train_data,,,10,1
HLA-B2706,LTASLLNFW,0,9,CapsNet_train_data,,,11,1
HLA-B2706,DSEAESDGN,0,9,CapsNet_test_data,,,12,1
HLA-B2706,FRFMATNDL,1,9,CapsNet_independent_set,,,13,1
HLA-B2707,DALAEREAA,0,9,CapsNet_train_data,,,0,1
HLA-B2707,SRFVDFQKV,1,9,CapsNet_train_data,,,1,1
HLA-B2707,IVRTDSVKT,0,9,CapsNet_train_data,,,2,1
HLA-B2707,VRNDIYITL,1,9,CapsNet_train_data,,,3,1
HLA-B2707,FRFDPQFAL,1,9,CapsNet_train_data,,,4,1
HLA-B2707,KNETGGGEG,0,9,CapsNet_train_data,,,5,1
HLA-B2707,QCGQQMKEL,0,9,CapsNet_train_data,,,6,1
HLA-B2707,ARMILQQDL,1,9,CapsNet_independent_set,,,7,1
HLA-B2707,QEKQSTRAP,0,9,CapsNet_independent_set,,,8,1
HLA-B2707,DDSADKVNK,0,9,CapsNet_train_data,,,9,1
HLA-B2707,QRARLQQFF,1,9,CapsNet_train_data,,,10,1
HLA-B2707,QRLSILRAL,1,9,CapsNet_train_data,,,11,1
HLA-B2707,GRNALEIVM,1,9,CapsNet_train_data,,,12,1
HLA-B2707,KRTLLIDEL,1,9,CapsNet_independent_set,,,13,1
HLA-B2707,TRCIAILYI,1,9,CapsNet_train_data,,,14,1
HLA-B2707,IYVLLRRQA,0,9,CapsNet_test_data,,,15,1
HLA-B2707,SRFSNVYHL,1,9,CapsNet_independent_set,,,16,1
HLA-B2707,TSVLKRAIH,0,9,NetMHCpan,,,17,1
HLA-B2707,QLSDTAIVP,0,9,CapsNet_train_data,,,18,1
HLA-B2707,TRNDIVNML,1,9,CapsNet_train_data,,,19,1
HLA-B2708,GQVQEWMVA,0,9,CapsNet_train_data,,,0,1
HLA-B2708,SRFDNDLQL,1,9,CapsNet_train_data,,,1,1
HLA-B2708,VQRRREALK,0,9,CapsNet_independent_set,,,2,1
HLA-B2708,CRLEIRSSL,1,9,CapsNet_train_data,,,3,1
HLA-B2708,ETLQRADPP,0,9,CapsNet_test_data,,,4,1
HLA-B2708,TRCIAILYI,1,9,CapsNet_train_data,,,5,1
HLA-B2708,PAGSLQTSV,0,9,CapsNet_test_data,,,6,1
HLA-B2708,GRLILADAL,1,9,CapsNet_independent_set,,,7,1
HLA-B2708,IIRMQLRRA,0,9,CapsNet_train_data,,,8,1
HLA-B2708,YRHFLQITL,1,9,CapsNet_train_data,,,9,1
HLA-B2708,TRFAEVECL,1,9,CapsNet_train_data,,,10,1
HLA-B2708,PQVASRIRS,0,9,NetMHCpan,,,11,1
HLA-B2708,DRMTLLLRL,1,9,CapsNet_train_data,,,12,1
HLA-B2708,SANLGSGCE,0,9,CapsNet_independent_set,,,13,1
HLA-B2708,KLSNSSSSV,0,9,CapsNet_test_data,,,14,1
HLA-B2708,VRMPYACKL,1,9,CapsNet_train_data,,,15,1
HLA-B2708,SRFGKFIRI,1,9,CapsNet_independent_set,,,16,1
HLA-B2709,LAVAGPGDD,0,9,CapsNet_train_data,,,0,1
HLA-B2709,ARKKLEMDL,1,9,CapsNet_train_data,,,1,1
HLA-B2709,DMGSLASAW,0,9,CapsNet_independent_set,,,2,1
HLA-B2709,LESAFSIKW,0,9,CapsNet_independent_set,,,3,1
HLA-B2709,DAVREALVD,0,9,CapsNet_train_data,,,4,1
HLA-B2709,ARWLFSSGL,1,9,CapsNet_train_data,,,5,1
HLA-B2709,TFDIASDAF,1,9,CapsNet_train_data,,,6,1
HLA-B2709,SCSRTVCSM,0,9,CapsNet_independent_set,,,7,1
HLA-B2709,TRLADVVKL,1,9,CapsNet_train_data,,,8,1
HLA-B2709,VAELCSWMA,0,9,CapsNet_train_data,,,9,1
HLA-B2709,AREAQVWEM,1,9,CapsNet_train_data,,,10,1
HLA-B2709,LNSTRDKNL,1,9,CapsNet_train_data,,,11,1
HLA-B2709,IACTEHNLK,0,9,CapsNet_independent_set,,,12,1
HLA-B2709,RRLSADIRL,1,9,CapsNet_train_data,,,13,1
HLA-B2709,TIGSNLSIR,0,9,CapsNet_independent_set,,,14,1
HLA-B2709,SRIRADNKL,1,9,CapsNet_independent_set,,,15,1
HLA-B2709,QILYNRTMV,0,9,CapsNet_independent_set,,,16,1
HLA-B2709,VFDTAIAHL,1,9,CapsNet_train_data,,,17,1
HLA-B2709,EKAQKRRKR,0,9,CapsNet_train_data,,,18,1
HLA-B2709,KRAAILTKL,1,9,CapsNet_train_data,,,19,1
HLA-B2710,GRIDKPILK,1,9,NetMHCpan,,,0,1
HLA-B2720,LTALVQMTE,0,9,CapsNet_independent_set,,,0,1
HLA-B2720,YSFSRAYTL,1,9,CapsNet_independent_set,,,1,1
HLA-B3501,QAVENLCSY,1,9,NetMHCpan,,,0,1
HLA-B3501,PLTTLSHCK,0,9,CapsNet_train_data,,,1,1
HLA-B3501,RPMTYKAAL,1,9,CapsNet_train_data,,,2,1
HLA-B3501,GCCTSLMQA,0,9,CapsNet_test_data,,,3,1
HLA-B3501,CVSSLCKAY,0,9,CapsNet_test_data,,,4,1
HLA-B3501,LKEFRTEQC,0,9,CapsNet_test_data,,,5,1
HLA-B3501,LPIRTTRHF,1,9,CapsNet_train_data,,,6,1
HLA-B3501,SRSRSRERK,0,9,CapsNet_train_data,,,7,1
HLA-B3501,LPCQLMYAL,1,9,CapsNet_train_data,,,8,1
HLA-B3501,KIINDNATY,1,9,CapsNet_independent_set,,,9,1
HLA-B3501,FALSEAMGL,1,9,CapsNet_train_data,,,10,1
HLA-B3501,IPDETCNNY,1,9,CapsNet_independent_set,,,11,1
HLA-B3501,AAEAVLADL,0,9,CapsNet_train_data,,,12,1
HLA-B3501,SPAWTQCQQ,0,9,CapsNet_train_data,,,13,1
HLA-B3501,LVSTSNRAY,1,9,CapsNet_train_data,,,14,1
HLA-B3501,QTAWQKIHN,0,9,NetMHCpan,,,15,1
HLA-B3501,LPKSATICY,1,9,CapsNet_train_data,,,16,1
HLA-B3501,GRGLRADGG,0,9,CapsNet_train_data,,,17,1
HLA-B3501,TAGKTTILY,1,9,CapsNet_train_data,,,18,1
HLA-B3501,ADLNARNKR,0,9,CapsNet_train_data,,,19,1
HLA-B3502,HAITSECVM,1,9,NetMHCpan,,,0,1
HLA-B3502,SPESASHQL,1,9,NetMHCpan,,,1,1
HLA-B3503,QPQQTSFAL,1,9,CapsNet_independent_set,,,0,1
HLA-B3503,EMSKTALWR,0,9,CapsNet_train_data,,,1,1
HLA-B3503,AFSFQNSLL,0,9,CapsNet_train_data,,,2,1
HLA-B3503,TACQSQATL,1,9,CapsNet_train_data,,,3,1
HLA-B3503,NPVTSTNVL,1,9,CapsNet_independent_set,,,4,1
HLA-B3503,IPVNEKDTL,1,9,CapsNet_train_data,,,5,1
HLA-B3503,IPDSSKISL,1,9,NetMHCpan,,,6,1
HLA-B3503,TAAQVARVL,1,9,CapsNet_independent_set,,,7,1
HLA-B3503,KGKKKSKKQ,0,9,CapsNet_test_data,,,8,1
HLA-B3503,RHILAMLSA,0,9,CapsNet_independent_set,,,9,1
HLA-B3503,LPLNTNIRL,1,9,CapsNet_train_data,,,10,1
HLA-B3503,LMDCGNKAR,0,9,CapsNet_train_data,,,11,1
HLA-B3503,ALHFICDPD,0,9,CapsNet_train_data,,,12,1
HLA-B3503,LPDAAEPCL,1,9,CapsNet_train_data,,,13,1
HLA-B3503,QSLANADHT,0,9,CapsNet_train_data,,,14,1
HLA-B3503,APSSRWGGT,0,9,CapsNet_independent_set,,,15,1
HLA-B3503,TGKMIRRRT,0,9,CapsNet_train_data,,,16,1
HLA-B3503,LPSSIVQML,1,9,CapsNet_train_data,,,17,1
HLA-B3503,GAQERIDSL,0,9,CapsNet_train_data,,,18,1
HLA-B3503,FAYSSRIAI,1,9,CapsNet_independent_set,,,19,1
HLA-B3504,LPVQPENAL,1,9,NetMHCpan,,,0,1
HLA-B3506,LPDERTISL,1,9,NetMHCpan,,,0,1
HLA-B3508,FPDETHERY,1,9,CapsNet_train_data,,,0,1
HLA-B3508,ERDEDNNLL,0,9,CapsNet_test_data,,,1,1
HLA-B3508,NPAKDNFTF,1,9,NetMHCpan,,,2,1
HLA-B3508,KDQSRLKEI,0,9,CapsNet_train_data,,,3,1
HLA-B3508,IGNVIKRAL,0,9,CapsNet_train_data,,,4,1
HLA-B3508,LLCIHASAD,0,9,CapsNet_train_data,,,5,1
HLA-B3508,QAAADLLAY,1,9,CapsNet_train_data,,,6,1
HLA-B3508,FFDSAYQGF,1,9,CapsNet_train_data,,,7,1
HLA-B3508,EMMQLYIRE,0,9,CapsNet_independent_set,,,8,1
HLA-B3508,ALNLTSMLC,0,9,CapsNet_train_data,,,9,1
HLA-B3508,FPMTMDEKY,1,9,CapsNet_train_data,,,10,1
HLA-B3508,NAQRQDIAF,1,9,CapsNet_train_data,,,11,1
HLA-B3508,GQCSTESNS,0,9,CapsNet_independent_set,,,12,1
HLA-B3508,FPEASPATL,1,9,CapsNet_train_data,,,13,1
HLA-B3508,IYLTNTFSF,1,9,CapsNet_train_data,,,14,1
HLA-B3508,IPENRVVSY,1,9,CapsNet_train_data,,,15,1
HLA-B3701,QTASGDMQT,0,9,CapsNet_independent_set,,,0,1
HLA-B3701,AEREIVRDI,1,9,CapsNet_train_data,,,1,1
HLA-B3701,QDVARVLGF,1,9,CapsNet_train_data,,,2,1
HLA-B3701,KAEKSKKKK,0,9,CapsNet_independent_set,,,3,1
HLA-B3701,AEISNDLKI,1,9,CapsNet_train_data,,,4,1
HLA-B3701,LENSSFEAI,1,9,CapsNet_train_data,,,5,1
HLA-B3701,SFRSRRGPG,0,9,CapsNet_train_data,,,6,1
HLA-B3701,VVKSVHRRL,0,9,CapsNet_train_data,,,7,1
HLA-B3701,LEMTIKETI,1,9,CapsNet_independent_set,,,8,1
HLA-B3701,TEIQSAGRI,1,9,CapsNet_independent_set,,,9,1
HLA-B3701,TELLTTQRV,1,9,CapsNet_train_data,,,10,1
HLA-B3701,IFASIFCIA,0,9,CapsNet_independent_set,,,11,1
HLA-B3701,KEIGQLKAI,1,9,CapsNet_train_data,,,12,1
HLA-B3701,AENIPAVVI,1,9,CapsNet_train_data,,,13,1
HLA-B3701,TILVVRYRR,0,9,CapsNet_train_data,,,14,1
HLA-B3701,QTLKQIFSA,0,9,CapsNet_train_data,,,15,1
HLA-B3701,QSRAQMALW,0,9,CapsNet_train_data,,,16,1
HLA-B3701,AENSASVYI,1,9,CapsNet_train_data,,,17,1
HLA-B3701,AEINEIIRV,1,9,CapsNet_train_data,,,18,1
HLA-B3701,LVRLTVLAD,0,9,CapsNet_train_data,,,19,1
HLA-B3801,VGPNQGGLS,0,9,CapsNet_test_data,,,0,1
HLA-B3801,KHASHISKL,1,9,CapsNet_train_data,,,1,1
HLA-B3801,MRDDTMWQL,1,9,CapsNet_train_data,,,2,1
HLA-B3801,PANAHLKDL,0,9,CapsNet_independent_set,,,3,1
HLA-B3801,NHINVELSL,1,9,CapsNet_independent_set,,,4,1
HLA-B3801,QHECSSSQL,1,9,CapsNet_train_data,,,5,1
HLA-B3801,SALKRRYTR,0,9,CapsNet_test_data,,,6,1
HLA-B3801,SCISILVCT,0,9,CapsNet_train_data,,,7,1
HLA-B3801,TIVICCSPS,0,9,CapsNet_train_data,,,8,1
HLA-B3801,QKIEREHQI,1,9,NetMHCpan,,,9,1
HLA-B3801,DHNNEIVKI,1,9,CapsNet_train_data,,,10,1
HLA-B3801,QHQTMDISL,1,9,CapsNet_train_data,,,11,1
HLA-B3801,YHNQSQGLL,1,9,NetMHCpan,,,12,1
HLA-B3801,SHTSLKDEL,1,9,CapsNet_independent_set,,,13,1
HLA-B3801,DPQQRQQAS,0,9,CapsNet_train_data,,,14,1
HLA-B3801,LGDFEQLVT,0,9,CapsNet_independent_set,,,15,1
HLA-B3801,WHIVDDQSF,1,9,CapsNet_independent_set,,,16,1
HLA-B3801,SHQDILSTI,1,9,CapsNet_train_data,,,17,1
HLA-B3801,QHISDRENI,1,9,CapsNet_train_data,,,18,1
HLA-B3801,VGKTIGSII,0,9,CapsNet_train_data,,,19,1
HLA-B3901,RAQRLRRTG,0,9,CapsNet_train_data,,,0,1
HLA-B3901,DHSNLIRSL,1,9,CapsNet_train_data,,,1,1
HLA-B3901,ARDSTVLRL,1,9,CapsNet_train_data,,,2,1
HLA-B3901,RSRSRSRSH,0,9,CapsNet_train_data,,,3,1
HLA-B3901,SHIITGNKI,1,9,CapsNet_independent_set,,,4,1
HLA-B3901,LLGVVWYFR,0,9,CapsNet_train_data,,,5,1
HLA-B3901,EHYWETISA,1,9,CapsNet_train_data,,,6,1
HLA-B3901,NRIQKQMAA,1,9,CapsNet_independent_set,,,7,1
HLA-B3901,MAAVLKPVL,0,9,CapsNet_test_data,,,8,1
HLA-B3901,ASVTNLLYP,0,9,CapsNet_train_data,,,9,1
HLA-B3901,SHSRIEYMI,1,9,CapsNet_train_data,,,10,1
HLA-B3901,NRITDASAL,1,9,CapsNet_train_data,,,11,1
HLA-B3901,RVLSSWSRA,0,9,CapsNet_independent_set,,,12,1
HLA-B3901,SHIKKDVTL,1,9,CapsNet_train_data,,,13,1
HLA-B3901,SHSDTIQAI,1,9,CapsNet_train_data,,,14,1
HLA-B3901,QHSDKIIRL,1,9,CapsNet_train_data,,,15,1
HLA-B3901,ARSQMARNI,0,9,CapsNet_train_data,,,16,1
HLA-B3901,RHPKRSVSL,1,9,CapsNet_train_data,,,17,1
HLA-B3901,VTRGETAVL,0,9,CapsNet_train_data,,,18,1
HLA-B3901,MMEIKRKTR,0,9,CapsNet_train_data,,,19,1
HLA-B3905,SHVAVENAL,1,9,NetMHCpan,,,0,1
HLA-B3906,KRLVMKDSA,1,9,CapsNet_train_data,,,0,1
HLA-B3906,NHMNLSENA,1,9,CapsNet_train_data,,,1,1
HLA-B3906,RSLDIDTAK,0,9,CapsNet_train_data,,,2,1
HLA-B3906,VLGTNGTWV,0,9,CapsNet_train_data,,,3,1
HLA-B3906,SRSATLCIA,1,9,CapsNet_train_data,,,4,1
HLA-B3906,QRQQEQLTA,1,9,CapsNet_train_data,,,5,1
HLA-B3906,SHTDCILAV,1,9,CapsNet_train_data,,,6,1
HLA-B3906,KAIINIFFL,0,9,CapsNet_train_data,,,7,1
HLA-B3906,DRVKVSQAA,1,9,CapsNet_train_data,,,8,1
HLA-B3906,PKNSKNTTR,0,9,CapsNet_test_data,,,9,1
HLA-B3906,VEETIEGML,0,9,CapsNet_train_data,,,10,1
HLA-B3906,CACQEVQTT,0,9,CapsNet_train_data,,,11,1
HLA-B3906,QHMQQQVMA,1,9,NetMHCpan,,,12,1
HLA-B3906,DHAARIEAA,1,9,CapsNet_independent_set,,,13,1
HLA-B3906,SGVTMPISA,1,9,CapsNet_independent_set,,,14,1
HLA-B3906,SHCSLQIKA,1,9,CapsNet_train_data,,,15,1
HLA-B3906,DKFRKFIKA,1,9,NetMHCpan,,,16,1
HLA-B3906,ERFTRISQA,1,9,CapsNet_train_data,,,17,1
HLA-B3906,RHMLIHTSV,1,9,CapsNet_train_data,,,18,1
HLA-B3906,MHQNKSFVA,1,9,CapsNet_train_data,,,19,1
HLA-B3909,YRGNVGVVL,1,9,NetMHCpan,,,0,1
HLA-B3910,VPAGGAVAV,1,9,NetMHCpan,,,0,1
HLA-B3924,SEDYSLSEE,0,9,CapsNet_independent_set,,,0,1
HLA-B3924,RQLEVQKTV,0,9,CapsNet_test_data,,,1,1
HLA-B3924,QHRQIEETL,1,9,CapsNet_train_data,,,2,1
HLA-B3924,QLLISAVKD,0,9,CapsNet_train_data,,,3,1
HLA-B3924,QRNPAKESL,1,9,CapsNet_independent_set,,,4,1
HLA-B3924,QHFNQRIQL,1,9,CapsNet_train_data,,,5,1
HLA-B3924,AAERFTRIS,0,9,CapsNet_train_data,,,6,1
HLA-B3924,ERIMKAQAL,1,9,CapsNet_train_data,,,7,1
HLA-B3924,YPAAKRVKL,1,9,CapsNet_train_data,,,8,1
HLA-B4001,RRAVWEKNM,0,9,CapsNet_test_data,,,0,1
HLA-B4001,RERLSRMAI,1,9,CapsNet_independent_set,,,1,1
HLA-B4001,EVRNRIRND,0,9,CapsNet_test_data,,,2,1
HLA-B4001,MQRRWVFVL,0,9,CapsNet_train_data,,,3,1
HLA-B4001,NEQMIGQVL,1,9,CapsNet_train_data,,,4,1
HLA-B4001,QENHAVISI,1,9,NetMHCpan,,,5,1
HLA-B4001,IGQAAQRIG,0,9,CapsNet_independent_set,,,6,1
HLA-B4001,REIEENSRL,1,9,CapsNet_train_data,,,7,1
HLA-B4001,PEIVDTCSL,1,9,NetMHCpan,,,8,1
HLA-B4001,ACAASSDES,0,9,CapsNet_independent_set,,,9,1
HLA-B4001,QMTKSYTNV,0,9,CapsNet_test_data,,,10,1
HLA-B4001,AENKDEIAL,1,9,CapsNet_independent_set,,,11,1
HLA-B4001,YILVIIHWN,0,9,CapsNet_train_data,,,12,1
HLA-B4001,QETHLKQQL,1,9,CapsNet_independent_set,,,13,1
HLA-B4001,TENNVIKSL,1,9,CapsNet_train_data,,,14,1
HLA-B4001,AEINDLENL,1,9,CapsNet_train_data,,,15,1
HLA-B4001,EDTRAQRQR,0,9,CapsNet_train_data,,,16,1
HLA-B4001,QATFQSLHN,0,9,CapsNet_test_data,,,17,1
HLA-B4001,TEEQSQSFL,1,9,CapsNet_independent_set,,,18,1
HLA-B4001,TTESLDKEG,0,9,CapsNet_test_data,,,19,1
HLA-B4002,AETILKNNI,1,9,CapsNet_independent_set,,,0,1
HLA-B4002,WQDRTIASS,0,9,CapsNet_train_data,,,1,1
HLA-B4002,SEKSNLIRI,1,9,CapsNet_independent_set,,,2,1
HLA-B4002,TLSKIFQCN,0,9,CapsNet_train_data,,,3,1
HLA-B4002,EKKSKNKQR,0,9,CapsNet_train_data,,,4,1
HLA-B4002,TEKTRELVL,1,9,CapsNet_train_data,,,5,1
HLA-B4002,DEIKNLREL,1,9,CapsNet_independent_set,,,6,1
HLA-B4002,CFDVSSVIQ,0,9,CapsNet_independent_set,,,7,1
HLA-B4002,MENKIRSTL,1,9,CapsNet_independent_set,,,8,1
HLA-B4002,KFTLRDCNS,0,9,CapsNet_test_data,,,9,1
HLA-B4002,YENASLQCL,0,9,CapsNet_train_data,,,10,1
HLA-B4002,SFSKESDDP,0,9,CapsNet_train_data,,,11,1
HLA-B4002,AETAVQLFI,1,9,CapsNet_train_data,,,12,1
HLA-B4002,RELIQSSDL,1,9,CapsNet_train_data,,,13,1
HLA-B4002,NEADLVRPL,1,9,CapsNet_independent_set,,,14,1
HLA-B4002,REINRTIQM,1,9,CapsNet_independent_set,,,15,1
HLA-B4002,QILTSLMRW,0,9,CapsNet_independent_set,,,16,1
HLA-B4002,WEKKDTKTL,1,9,CapsNet_train_data,,,17,1
HLA-B4002,WELEKKSAV,1,9,CapsNet_train_data,,,18,1
HLA-B4002,CATAIAKAY,0,9,CapsNet_test_data,,,19,1
HLA-B4101,NWSNSTCLK,0,9,CapsNet_train_data,,,0,1
HLA-B4101,NEHDYAKAA,1,9,CapsNet_independent_set,,,1,1
HLA-B4101,SGLVRTQSE,0,9,CapsNet_independent_set,,,2,1
HLA-B4101,REKPAAPTA,1,9,CapsNet_train_data,,,3,1
HLA-B4101,MEQQPTRPP,1,9,CapsNet_train_data,,,4,1
HLA-B4101,MTRILEATN,0,9,CapsNet_train_data,,,5,1
HLA-B4101,IVMGMIFTL,0,9,CapsNet_train_data,,,6,1
HLA-B4101,QQKWNSLDE,0,9,CapsNet_test_data,,,7,1
HLA-B4101,SEITDTVAA,1,9,NetMHCpan,,,8,1
HLA-B4101,AEQCRKISA,1,9,CapsNet_train_data,,,9,1
HLA-B4102,QEEHVAVAQ,1,9,NetMHCpan,,,0,1
HLA-B4103,VEDLARISL,1,9,NetMHCpan,,,0,1
HLA-B4104,AELIVQPEL,1,9,NetMHCpan,,,0,1
HLA-B4105,LEKSLRKSL,1,9,NetMHCpan,,,0,1
HLA-B4106,FNHPETGET,0,9,NetMHCpan,,,0,1
HLA-B4201,TPAVGRLEV,1,9,NetMHCpan,,,0,1
HLA-B4402,GENIVSKSF,1,9,CapsNet_train_data,,,0,1
HLA-B4402,SETDMVRQI,1,9,CapsNet_train_data,,,1,1
HLA-B4402,CFESKGTGR,0,9,CapsNet_train_data,,,2,1
HLA-B4402,DESSVKKMI,1,9,CapsNet_train_data,,,3,1
HLA-B4402,VNLTMADML,0,9,CapsNet_independent_set,,,4,1
HLA-B4402,QELLQTQDF,1,9,CapsNet_train_data,,,5,1
HLA-B4402,SESNLRKAF,1,9,CapsNet_train_data,,,6,1
HLA-B4402,ETENDSKDA,0,9,CapsNet_independent_set,,,7,1
HLA-B4402,CAEMISTWV,0,9,CapsNet_independent_set,,,8,1
HLA-B4402,NESNSRKTY,1,9,CapsNet_train_data,,,9,1
HLA-B4402,REGNTVRSF,1,9,CapsNet_train_data,,,10,1
HLA-B4402,TNKTSNCVV,0,9,CapsNet_test_data,,,11,1
HLA-B4402,AEKSEQPTL,1,9,CapsNet_train_data,,,12,1
HLA-B4402,KEIEDAAQF,1,9,CapsNet_independent_set,,,13,1
HLA-B4402,AESSWIDQW,1,9,CapsNet_train_data,,,14,1
HLA-B4402,EECAQRETW,1,9,CapsNet_train_data,,,15,1
HLA-B4402,MAMAYLAWR,0,9,CapsNet_train_data,,,16,1
HLA-B4402,SGCRTLEEV,0,9,CapsNet_train_data,,,17,1
HLA-B4402,YALVCETQR,0,9,CapsNet_test_data,,,18,1
HLA-B4402,QAKKHALNC,0,9,CapsNet_train_data,,,19,1
HLA-B4403,SELKHAKRI,1,9,CapsNet_train_data,,,0,1
HLA-B4403,FVKTLTGKT,0,9,CapsNet_independent_set,,,1,1
HLA-B4403,SRRTKRRQA,0,9,CapsNet_train_data,,,2,1
HLA-B4403,SEAVCQEKF,1,9,CapsNet_independent_set,,,3,1
HLA-B4403,RELKNTVSY,1,9,CapsNet_train_data,,,4,1
HLA-B4403,GETSTDLKL,1,9,NetMHCpan,,,5,1
HLA-B4403,RHLRATPNT,0,9,CapsNet_train_data,,,6,1
HLA-B4403,PTLLSSGRV,0,9,CapsNet_train_data,,,7,1
HLA-B4403,CSRMRYISS,0,9,CapsNet_train_data,,,8,1
HLA-B4403,SERQIKKAF,1,9,CapsNet_independent_set,,,9,1
HLA-B4403,AEDGKVRIF,1,9,CapsNet_train_data,,,10,1
HLA-B4403,KESHATLVF,1,9,CapsNet_train_data,,,11,1
HLA-B4403,DESSVKKMI,1,9,CapsNet_train_data,,,12,1
HLA-B4403,MIQSDKGAD,0,9,CapsNet_train_data,,,13,1
HLA-B4403,KEIEDAEKY,1,9,CapsNet_train_data,,,14,1
HLA-B4403,SYQNILSSI,0,9,NetMHCpan,,,15,1
HLA-B4403,CNKTQSKLL,0,9,CapsNet_train_data,,,16,1
HLA-B4403,FIVVLVVWA,0,9,CapsNet_train_data,,,17,1
HLA-B4403,SETDMVRQI,1,9,CapsNet_independent_set,,,18,1
HLA-B4403,SEWSPSTKW,1,9,CapsNet_train_data,,,19,1
HLA-B4405,NESEEVRQF,1,9,NetMHCpan,,,0,1
HLA-B4408,AVNKVIKSY,1,9,NetMHCpan,,,0,1
HLA-B4409,EEVKSFRVL,1,9,NetMHCpan,,,0,1
HLA-B4427,TEETHPVSW,1,9,NetMHCpan,,,0,1
HLA-B4428,MENIHSEMY,1,9,NetMHCpan,,,0,1
HLA-B4501,AEAPASPAP,1,9,CapsNet_train_data,,,0,1
HLA-B4501,YIYVLLIVG,0,9,CapsNet_train_data,,,1,1
HLA-B4501,SEDKQILSA,1,9,CapsNet_train_data,,,2,1
HLA-B4501,SASRRKRRS,0,9,CapsNet_independent_set,,,3,1
HLA-B4501,TVTGKLERT,0,9,CapsNet_test_data,,,4,1
HLA-B4501,SEQTFMYYV,1,9,CapsNet_train_data,,,5,1
HLA-B4501,SESQPHSSA,1,9,CapsNet_train_data,,,6,1
HLA-B4501,SELQKIHRA,1,9,CapsNet_train_data,,,7,1
HLA-B4501,GSNSGGGAG,0,9,CapsNet_independent_set,,,8,1
HLA-B4501,SEYLCKQVA,1,9,CapsNet_train_data,,,9,1
HLA-B4501,AEREHVSRA,1,9,NetMHCpan,,,10,1
HLA-B4501,MIGDLQARI,0,9,CapsNet_test_data,,,11,1
HLA-B4501,RQLEAIVRI,0,9,CapsNet_train_data,,,12,1
HLA-B4501,SFLLKRASR,0,9,NetMHCpan,,,13,1
HLA-B4501,EERRKTQEA,1,9,CapsNet_train_data,,,14,1
HLA-B4501,LQKIAHNCR,0,9,CapsNet_test_data,,,15,1
HLA-B4501,AERSTNIAA,1,9,CapsNet_train_data,,,16,1
HLA-B4501,MSQTRDLQG,0,9,CapsNet_independent_set,,,17,1
HLA-B4501,SEIQTQISA,1,9,CapsNet_train_data,,,18,1
HLA-B4501,RETETVFVP,1,9,CapsNet_train_data,,,19,1
HLA-B4506,MNWRVWTPL,0,9,CapsNet_independent_set,,,0,1
HLA-B4506,DARMLASQN,0,9,CapsNet_train_data,,,1,1
HLA-B4506,RQRAVRMVL,1,9,CapsNet_train_data,,,2,1
HLA-B4506,FARQNNGAF,1,9,CapsNet_train_data,,,3,1
HLA-B4506,FMSVSILLM,0,9,CapsNet_independent_set,,,4,1
HLA-B4506,VKMSFGLLR,0,9,CapsNet_train_data,,,5,1
HLA-B4601,LTIEKISAL,1,9,CapsNet_train_data,,,0,1
HLA-B4601,YASDCASFF,1,9,NetMHCpan,,,1,1
HLA-B4601,QTLKQKWVE,0,9,CapsNet_test_data,,,2,1
HLA-B4601,FAHLINVEF,1,9,NetMHCpan,,,3,1
HLA-B4601,YLFAHAVDF,1,9,CapsNet_independent_set,,,4,1
HLA-B4601,RDSGATIRI,0,9,CapsNet_train_data,,,5,1
HLA-B4601,FSSPVCMAF,1,9,CapsNet_independent_set,,,6,1
HLA-B4601,MAISSVAEF,1,9,CapsNet_train_data,,,7,1
HLA-B4601,CQDMKQPLS,0,9,CapsNet_independent_set,,,8,1
HLA-B4601,EPSLRQLAQ,0,9,CapsNet_test_data,,,9,1
HLA-B4601,ILRKDIPSF,1,9,CapsNet_independent_set,,,10,1
HLA-B4601,VKATVRNFS,0,9,CapsNet_test_data,,,11,1
HLA-B4601,SVCKCLSQK,0,9,CapsNet_test_data,,,12,1
HLA-B4601,VETITSEVI,0,9,CapsNet_train_data,,,13,1
HLA-B4601,QSSSSRDDN,0,9,CapsNet_test_data,,,14,1
HLA-B4601,ATLLTSASW,0,9,CapsNet_train_data,,,15,1
HLA-B4601,AAISRLLSF,1,9,CapsNet_train_data,,,16,1
HLA-B4601,LLKQIQEAY,1,9,NetMHCpan,,,17,1
HLA-B4601,VIISALKTY,1,9,CapsNet_train_data,,,18,1
HLA-B4601,FMKDAIKKF,1,9,CapsNet_train_data,,,19,1
HLA-B4701,ADVLIKAAL,1,9,NetMHCpan,,,0,1
HLA-B4801,LQIDTDDSL,1,9,CapsNet_train_data,,,0,1
HLA-B4801,ENRRRKTAG,0,9,CapsNet_train_data,,,1,1
HLA-B4901,RTPSSRRDS,0,9,CapsNet_train_data,,,0,1
HLA-B4901,TELLTTQRV,1,9,CapsNet_train_data,,,1,1
HLA-B4901,AEISNDLKI,1,9,CapsNet_train_data,,,2,1
HLA-B4901,LEMTIKETI,1,9,CapsNet_independent_set,,,3,1
HLA-B4901,ISQALSSWV,0,9,CapsNet_train_data,,,4,1
HLA-B4901,SALKDICDQ,0,9,CapsNet_train_data,,,5,1
HLA-B4901,VRFSNIMEI,1,9,CapsNet_train_data,,,6,1
HLA-B4901,ERTTTSSET,0,9,CapsNet_train_data,,,7,1
HLA-B4901,AEVRKIIRV,1,9,CapsNet_train_data,,,8,1
HLA-B4901,ARICANKYM,0,9,CapsNet_train_data,,,9,1
HLA-B4901,IYDRLDTIQ,0,9,CapsNet_independent_set,,,10,1
HLA-B4901,TEIQSAGRI,1,9,CapsNet_train_data,,,11,1
HLA-B4901,RVNSCLKKN,0,9,CapsNet_independent_set,,,12,1
HLA-B4901,TGSLTNLQN,0,9,CapsNet_train_data,,,13,1
HLA-B4901,SEVSQLNHI,1,9,CapsNet_train_data,,,14,1
HLA-B4901,LERESAQVV,1,9,CapsNet_train_data,,,15,1
HLA-B4901,DYISGGGFS,0,9,CapsNet_train_data,,,16,1
HLA-B4901,VEKQSALLI,1,9,CapsNet_independent_set,,,17,1
HLA-B4901,IEEQLLQRI,1,9,CapsNet_train_data,,,18,1
HLA-B4901,REGISAITI,1,9,CapsNet_train_data,,,19,1
HLA-B5001,KTRSTKDQQ,0,9,CapsNet_train_data,,,0,1
HLA-B5001,AEIASSDSA,1,9,CapsNet_train_data,,,1,1
HLA-B5001,AEIQSLRQA,1,9,CapsNet_train_data,,,2,1
HLA-B5001,AEIDRRISA,1,9,CapsNet_train_data,,,3,1
HLA-B5001,ETITLNSGT,0,9,CapsNet_independent_set,,,4,1
HLA-B5001,QTGHCRGGS,0,9,CapsNet_train_data,,,5,1
HLA-B5001,LAALLEEVI,0,9,CapsNet_test_data,,,6,1
HLA-B5001,AEAPPPPPP,1,9,CapsNet_train_data,,,7,1
HLA-B5001,REFSDFIRV,1,9,CapsNet_train_data,,,8,1
HLA-B5001,PDLQRVHKR,0,9,CapsNet_train_data,,,9,1
HLA-B5001,REMANLPVP,1,9,CapsNet_train_data,,,10,1
HLA-B5001,AEMVFATRV,1,9,NetMHCpan,,,11,1
HLA-B5001,AVVAAVMWR,0,9,CapsNet_train_data,,,12,1
HLA-B5001,SEDSPRPSA,1,9,CapsNet_independent_set,,,13,1
HLA-B5001,IITPIKAYS,0,9,CapsNet_independent_set,,,14,1
HLA-B5001,TAGDEIVDL,0,9,CapsNet_train_data,,,15,1
HLA-B5001,TEMEISRAA,1,9,CapsNet_train_data,,,16,1
HLA-B5001,FPCSRESIK,0,9,CapsNet_train_data,,,17,1
HLA-B5001,NGTTEEVTS,0,9,CapsNet_train_data,,,18,1
HLA-B5001,AERSTNIAA,1,9,CapsNet_independent_set,,,19,1
HLA-B5002,NEIKDSVVA,1,9,NetMHCpan,,,0,1
HLA-B5101,VPRTSEIYV,1,9,CapsNet_train_data,,,0,1
HLA-B5101,IALDAVKMV,1,9,CapsNet_train_data,,,1,1
HLA-B5101,MNECDHLKE,0,9,CapsNet_train_data,,,2,1
HLA-B5101,DAIMSRRAI,1,9,CapsNet_train_data,,,3,1
HLA-B5101,QEALIRTVF,1,9,CapsNet_train_data,,,4,1
HLA-B5101,LPWKSLTSI,1,9,CapsNet_train_data,,,5,1
HLA-B5101,RSRSKSRSR,0,9,CapsNet_train_data,,,6,1
HLA-B5101,NWIEEATKR,0,9,CapsNet_test_data,,,7,1
HLA-B5101,DPVHKVAVI,1,9,CapsNet_train_data,,,8,1
HLA-B5101,ITDQFATMC,0,9,CapsNet_independent_set,,,9,1
HLA-B5101,LPATVTQII,1,9,CapsNet_independent_set,,,10,1
HLA-B5101,DSWKSIKSI,1,9,CapsNet_independent_set,,,11,1
HLA-B5101,LYAVATTII,1,9,CapsNet_train_data,,,12,1
HLA-B5101,PVGSALSTR,0,9,CapsNet_train_data,,,13,1
HLA-B5101,KLATKKKAI,0,9,CapsNet_train_data,,,14,1
HLA-B5101,MPMYVKACT,0,9,CapsNet_train_data,,,15,1
HLA-B5101,EEIEILLRY,1,9,CapsNet_train_data,,,16,1
HLA-B5101,RTGVRGGGR,0,9,CapsNet_independent_set,,,17,1
HLA-B5101,VPAQSRPCV,1,9,CapsNet_independent_set,,,18,1
HLA-B5101,IAVDRYLAI,1,9,CapsNet_train_data,,,19,1
HLA-B5102,AKRDFYWRA,0,9,NetMHCpan,,,0,1
HLA-B5108,LKEVFSGIK,0,9,CapsNet_train_data,,,0,1
HLA-B5108,SALDTITTV,1,9,CapsNet_train_data,,,1,1
HLA-B5108,MPSSLAHRI,1,9,CapsNet_train_data,,,2,1
HLA-B5108,SLVDTIKCL,0,9,CapsNet_train_data,,,3,1
HLA-B5108,DASLVNASI,1,9,CapsNet_train_data,,,4,1
HLA-B5108,LAKQAEMEV,1,9,CapsNet_independent_set,,,5,1
HLA-B5108,SMRQEQSPN,0,9,CapsNet_test_data,,,6,1
HLA-B5108,LPNLQTVTV,1,9,CapsNet_train_data,,,7,1
HLA-B5108,STICKTTPD,0,9,NetMHCpan,,,8,1
HLA-B5201,IAKMPAISD,0,9,CapsNet_independent_set,,,0,1
HLA-B5201,AQYDGAYKV,1,9,CapsNet_train_data,,,1,1
HLA-B5201,VSRVVTQNI,1,9,NetMHCpan,,,2,1
HLA-B5301,IVLPEKDSW,1,9,CapsNet_train_data,,,0,1
HLA-B5301,VPTNDHIPV,1,9,CapsNet_train_data,,,1,1
HLA-B5301,GRDMIGIAK,0,9,CapsNet_train_data,,,2,1
HLA-B5301,NSCARTDAI,0,9,CapsNet_test_data,,,3,1
HLA-B5301,MPALTIACM,1,9,CapsNet_train_data,,,4,1
HLA-B5301,KNFSSEIED,0,9,CapsNet_train_data,,,5,1
HLA-B5301,IPTVMAFHL,1,9,CapsNet_train_data,,,6,1
HLA-B5301,NPAWRKAVF,1,9,CapsNet_independent_set,,,7,1
HLA-B5301,LALIATFKI,1,9,CapsNet_train_data,,,8,1
HLA-B5401,YVISQMLSA,1,9,CapsNet_train_data,,,0,1
HLA-B5401,IMRRILRKI,0,9,NetMHCpan,,,1,1
HLA-B5401,VPEFAKQYV,1,9,CapsNet_train_data,,,2,1
HLA-B5401,FPTVLDITA,1,9,CapsNet_train_data,,,3,1
HLA-B5401,DQVRKLFRN,0,9,NetMHCpan,,,4,1
HLA-B5401,LPIVPQLQV,1,9,CapsNet_train_data,,,5,1
HLA-B5401,LGAILCLSF,0,9,CapsNet_test_data,,,6,1
HLA-B5401,AARALRSFP,0,9,CapsNet_train_data,,,7,1
HLA-B5401,IPFGITEEA,1,9,CapsNet_train_data,,,8,1
HLA-B5401,IPGDILSII,1,9,CapsNet_train_data,,,9,1
HLA-B5401,ECRAESCLD,0,9,CapsNet_test_data,,,10,1
HLA-B5401,INITSSASQ,0,9,CapsNet_train_data,,,11,1
HLA-B5401,VPMTPLRTV,1,9,CapsNet_train_data,,,12,1
HLA-B5401,VPITAVIAA,1,9,CapsNet_train_data,,,13,1
HLA-B5401,SAEMDDNGN,0,9,CapsNet_train_data,,,14,1
HLA-B5501,NPMVVANAV,1,9,NetMHCpan,,,0,1
HLA-B5501,APASRAVVA,1,9,NetMHCpan,,,1,1
HLA-B5502,APRQPGLMA,1,9,NetMHCpan,,,0,1
HLA-B5601,SPSTVIHGA,1,9,CapsNet_train_data,,,0,1
HLA-B5601,MLLLALILL,0,9,CapsNet_independent_set,,,1,1
HLA-B5601,FVTSDRSKN,0,9,CapsNet_independent_set,,,2,1
HLA-B5601,GSRQRSSSD,0,9,CapsNet_train_data,,,3,1
HLA-B5601,NPVTGLLSA,1,9,CapsNet_independent_set,,,4,1
HLA-B5601,QLKDLEKWQ,0,9,CapsNet_test_data,,,5,1
HLA-B5601,LPAAMPITA,1,9,CapsNet_train_data,,,6,1
HLA-B5601,QPVPPGRAA,1,9,CapsNet_train_data,,,7,1
HLA-B5601,SAPASQASL,1,9,NetMHCpan,,,8,1
HLA-B5701,VARCQQALF,1,9,CapsNet_independent_set,,,0,1
HLA-B5701,KCVEVVKTF,1,9,CapsNet_train_data,,,1,1
HLA-B5701,RRRSNRSAQ,0,9,CapsNet_train_data,,,2,1
HLA-B5701,TAKALQAHW,1,9,CapsNet_train_data,,,3,1
HLA-B5701,PKIQESQPR,0,9,CapsNet_test_data,,,4,1
HLA-B5701,SSRTDRDAW,1,9,CapsNet_train_data,,,5,1
HLA-B5701,ITLSDLLRF,1,9,CapsNet_train_data,,,6,1
HLA-B5701,MFDNALSTL,1,9,CapsNet_train_data,,,7,1
HLA-B5701,DFLASVVFA,0,9,CapsNet_train_data,,,8,1
HLA-B5701,RAISTSVCV,0,9,CapsNet_train_data,,,9,1
HLA-B5701,SCDKMIRVW,1,9,CapsNet_train_data,,,10,1
HLA-B5701,LAAALWRTF,1,9,CapsNet_train_data,,,11,1
HLA-B5701,KTKSNMKGF,1,9,CapsNet_independent_set,,,12,1
HLA-B5701,DWAAADAAR,0,9,NetMHCpan,,,13,1
HLA-B5701,KCAQIEAKF,1,9,CapsNet_train_data,,,14,1
HLA-B5701,PRSMLAAFE,0,9,NetMHCpan,,,15,1
HLA-B5701,IRRVDENWA,0,9,NetMHCpan,,,16,1
HLA-B5701,TALDSLQKW,1,9,CapsNet_independent_set,,,17,1
HLA-B5701,KSLSEYNNF,1,9,CapsNet_independent_set,,,18,1
HLA-B5701,FAFWQDMKW,1,9,NetMHCpan,,,19,1
HLA-B5702,KAIEENNNF,1,9,NetMHCpan,,,0,1
HLA-B5703,MADSENQGP,0,9,CapsNet_train_data,,,0,1
HLA-B5703,LGLSAKTCN,0,9,CapsNet_train_data,,,1,1
HLA-B5703,KAIHDLMMF,1,9,CapsNet_train_data,,,2,1
HLA-B5703,ISEQFTAMF,1,9,CapsNet_train_data,,,3,1
HLA-B5703,RAASIYSSW,1,9,CapsNet_train_data,,,4,1
HLA-B5703,NNNTKDSPS,0,9,CapsNet_train_data,,,5,1
HLA-B5703,RALKLLTTL,1,9,CapsNet_train_data,,,6,1
HLA-B5703,KSGLHQLLL,1,9,NetMHCpan,,,7,1
HLA-B5703,LSFSKDWSF,1,9,CapsNet_train_data,,,8,1
HLA-B5703,GASVLNKWQ,0,9,CapsNet_independent_set,,,9,1
HLA-B5703,KCAQIEAKF,1,9,CapsNet_independent_set,,,10,1
HLA-B5703,AREVELADA,0,9,NetMHCpan,,,11,1
HLA-B5703,MTWSHNDMW,1,9,NetMHCpan,,,12,1
HLA-B5703,LTIKEMATI,1,9,CapsNet_train_data,,,13,1
HLA-B5703,LTVSNIESF,1,9,CapsNet_train_data,,,14,1
HLA-B5703,SDKKITQSI,0,9,NetMHCpan,,,15,1
HLA-B5703,EALNSCNKR,0,9,CapsNet_train_data,,,16,1
HLA-B5703,NIDWDKLYK,0,9,CapsNet_independent_set,,,17,1
HLA-B5703,LSQDIQKTI,1,9,CapsNet_train_data,,,18,1
HLA-B5703,FSAEQIARW,1,9,CapsNet_train_data,,,19,1
HLA-B5801,EVKKAARAA,0,9,CapsNet_train_data,,,0,1
HLA-B5801,FADSTVRVW,1,9,CapsNet_train_data,,,1,1
HLA-B5801,LLQSQTMGV,0,9,CapsNet_independent_set,,,2,1
HLA-B5801,RALKEITTF,1,9,CapsNet_train_data,,,3,1
HLA-B5801,LRAFIRKQI,0,9,CapsNet_independent_set,,,4,1
HLA-B5801,HAMTNDVTW,1,9,CapsNet_independent_set,,,5,1
HLA-B5801,KATNVCTRF,1,9,CapsNet_independent_set,,,6,1
HLA-B5801,QEAKRGINT,0,9,CapsNet_train_data,,,7,1
HLA-B5801,LQQLNHQIS,0,9,CapsNet_independent_set,,,8,1
HLA-B5801,TAAQLTQRW,1,9,NetMHCpan,,,9,1
HLA-B5801,KCVNELNQW,1,9,CapsNet_train_data,,,10,1
HLA-B5801,IGLTSRATW,1,9,CapsNet_train_data,,,11,1
HLA-B5801,GRGGAAGGG,0,9,CapsNet_train_data,,,12,1
HLA-B5801,DCLKKFNAR,0,9,CapsNet_train_data,,,13,1
HLA-B5801,FVFSQEMVF,1,9,CapsNet_train_data,,,14,1
HLA-B5801,ISCRIINTF,1,9,CapsNet_independent_set,,,15,1
HLA-B5801,LTSTLQVFF,1,9,CapsNet_train_data,,,16,1
HLA-B5801,QEETSQDET,0,9,CapsNet_train_data,,,17,1
HLA-B5801,DFESLKVIG,0,9,CapsNet_test_data,,,18,1
HLA-B5801,KSVTVLCTL,1,9,CapsNet_train_data,,,19,1
HLA-B5802,KTKEIEQVY,1,9,NetMHCpan,,,0,1
HLA-B7301,LGSTIVLIF,0,9,CapsNet_independent_set,,,0,1
HLA-B7301,DRINERMPP,1,9,CapsNet_train_data,,,1,1
HLA-B7301,GKKVSSKRI,0,9,CapsNet_train_data,,,2,1
HLA-B7301,EAIGADSAR,0,9,CapsNet_train_data,,,3,1
HLA-B7301,TVSIFMEFV,0,9,CapsNet_test_data,,,4,1
HLA-B7301,NRSAMPFTA,1,9,CapsNet_train_data,,,5,1
HLA-B7301,DRKQFNLIP,1,9,CapsNet_train_data,,,6,1
HLA-B7301,SRSPPKKPP,1,9,CapsNet_independent_set,,,7,1
HLA-B7301,NRLDRHEQI,1,9,NetMHCpan,,,8,1
HLA-B8301,VLDQDCTVL,0,9,CapsNet_train_data,,,0,1
HLA-B8301,TTFDLTLRR,1,9,CapsNet_train_data,,,1,1
HLA-B8301,RRYTRRISL,1,9,CapsNet_independent_set,,,2,1
HLA-B8301,IDSGLSPSI,0,9,CapsNet_train_data,,,3,1
HLA-B8301,YSLAGSSPF,1,9,CapsNet_train_data,,,4,1
HLA-B8301,GGDSSASSP,0,9,CapsNet_train_data,,,5,1
HLA-C0102,TDASEDVRL,0,9,NetMHCpan,,,0,1
HLA-C0102,VAPNTSTNL,1,9,NetMHCpan,,,1,1
HLA-C0102,GCGAPIQVS,0,9,CapsNet_train_data,,,2,1
HLA-C0102,EDAAVPGAQ,0,9,CapsNet_train_data,,,3,1
HLA-C0102,CSPVSKAAL,1,9,CapsNet_train_data,,,4,1
HLA-C0102,ADHQYVSSG,0,9,NetMHCpan,,,5,1
HLA-C0102,FLPKGYLAL,1,9,NetMHCpan,,,6,1
HLA-C0102,FLPPEVNQL,1,9,CapsNet_independent_set,,,7,1
HLA-C0102,SLPRSAHSL,1,9,CapsNet_train_data,,,8,1
HLA-C0102,LLLTALAAL,0,9,CapsNet_train_data,,,9,1
HLA-C0102,SNLIKHQRT,0,9,CapsNet_train_data,,,10,1
HLA-C0102,HLVWSKLRA,0,9,CapsNet_train_data,,,11,1
HLA-C0102,KGPSASAAL,1,9,CapsNet_train_data,,,12,1
HLA-C0102,EDSIDNLSQ,0,9,CapsNet_train_data,,,13,1
HLA-C0102,LICTCAYIR,0,9,CapsNet_train_data,,,14,1
HLA-C0102,MLPSILNQL,1,9,CapsNet_train_data,,,15,1
HLA-C0102,AAPAPGAPL,1,9,CapsNet_train_data,,,16,1
HLA-C0102,INRKTDQLV,0,9,CapsNet_train_data,,,17,1
HLA-C0102,SAPESLQNL,1,9,CapsNet_independent_set,,,18,1
HLA-C0102,DTEEAKTKS,0,9,CapsNet_test_data,,,19,1
HLA-C0202,GVAELVNKI,1,9,CapsNet_independent_set,,,0,1
HLA-C0202,ATTLKNRPL,1,9,NetMHCpan,,,1,1
HLA-C0202,NTIQSIMAI,1,9,CapsNet_train_data,,,2,1
HLA-C0202,QWMLEQLRQ,0,9,CapsNet_test_data,,,3,1
HLA-C0202,QAASILTKF,1,9,CapsNet_independent_set,,,4,1
HLA-C0202,FLNKEITSV,1,9,CapsNet_train_data,,,5,1
HLA-C0202,KLSEIDVAL,1,9,CapsNet_independent_set,,,6,1
HLA-C0202,GSPLRWECK,0,9,CapsNet_independent_set,,,7,1
HLA-C0202,TSNATQAFW,1,9,CapsNet_train_data,,,8,1
HLA-C0202,FLLSSQVGL,1,9,CapsNet_train_data,,,9,1
HLA-C0202,TTSTIRALI,1,9,CapsNet_train_data,,,10,1
HLA-C0202,ISQATWDSN,0,9,CapsNet_train_data,,,11,1
HLA-C0202,FARHQSAEF,1,9,CapsNet_independent_set,,,12,1
HLA-C0202,YVTELTDRI,1,9,CapsNet_train_data,,,13,1
HLA-C0202,AVISQISDI,1,9,CapsNet_train_data,,,14,1
HLA-C0202,KAFQATLRW,1,9,CapsNet_train_data,,,15,1
HLA-C0202,TVVCALGLS,0,9,CapsNet_train_data,,,16,1
HLA-C0202,PPQAIKTSH,0,9,CapsNet_test_data,,,17,1
HLA-C0202,KMFSDEILL,1,9,CapsNet_train_data,,,18,1
HLA-C0202,EGSEKEESR,0,9,CapsNet_train_data,,,19,1
HLA-C0303,CSVAPGKSL,1,9,CapsNet_train_data,,,0,1
HLA-C0303,RDLASSRDD,0,9,CapsNet_train_data,,,1,1
HLA-C0303,FCQNIATRL,0,9,CapsNet_train_data,,,2,1
HLA-C0303,IIMSKSTTY,1,9,CapsNet_independent_set,,,3,1
HLA-C0303,LVRALQDLE,0,9,CapsNet_train_data,,,4,1
HLA-C0303,FRLSQATDL,0,9,CapsNet_test_data,,,5,1
HLA-C0303,NAIREVLEL,1,9,CapsNet_train_data,,,6,1
HLA-C0303,RGKLDCAGG,0,9,CapsNet_train_data,,,7,1
HLA-C0303,AALSSASAL,1,9,NetMHCpan,,,8,1
HLA-C0303,KVWRFSTAF,1,9,CapsNet_train_data,,,9,1
HLA-C0303,DFVRKAVRA,0,9,CapsNet_train_data,,,10,1
HLA-C0303,EKSRNAARS,0,9,CapsNet_independent_set,,,11,1
HLA-C0303,IAAPFTSKL,1,9,CapsNet_train_data,,,12,1
HLA-C0303,TVPQFIARE,0,9,CapsNet_train_data,,,13,1
HLA-C0303,VRTPYTMSY,1,9,CapsNet_train_data,,,14,1
HLA-C0303,FQHQSSCSF,1,9,CapsNet_independent_set,,,15,1
HLA-C0303,CMKNLMESL,0,9,CapsNet_test_data,,,16,1
HLA-C0303,ATAFCAELL,0,9,CapsNet_test_data,,,17,1
HLA-C0303,TKKIENLCA,0,9,CapsNet_test_data,,,18,1
HLA-C0303,FATAEEIAM,1,9,CapsNet_independent_set,,,19,1
HLA-C0304,YPWSQRVSF,1,9,CapsNet_train_data,,,0,1
HLA-C0304,EDGAADASK,0,9,CapsNet_train_data,,,1,1
HLA-C0304,ITVTSSKAL,1,9,CapsNet_independent_set,,,2,1
HLA-C0304,FLQEYTVKL,1,9,CapsNet_train_data,,,3,1
HLA-C0304,LYGSRDSAQ,0,9,CapsNet_train_data,,,4,1
HLA-C0304,GNKTASSVI,0,9,CapsNet_test_data,,,5,1
HLA-C0304,NEPTYCLCN,0,9,CapsNet_train_data,,,6,1
HLA-C0304,DALTFTTTF,1,9,CapsNet_train_data,,,7,1
HLA-C0304,IAQEQTRML,1,9,NetMHCpan,,,8,1
HLA-C0304,LKEVVAQWC,0,9,CapsNet_train_data,,,9,1
HLA-C0304,RLIESLFTI,1,9,CapsNet_train_data,,,10,1
HLA-C0304,DFPQMVSTS,0,9,CapsNet_test_data,,,11,1
HLA-C0304,TFSSDALKV,0,9,CapsNet_independent_set,,,12,1
HLA-C0304,KAISRWSSL,1,9,CapsNet_independent_set,,,13,1
HLA-C0304,TTLLQRLRG,0,9,CapsNet_train_data,,,14,1
HLA-C0304,FSSLTNLPL,1,9,CapsNet_independent_set,,,15,1
HLA-C0304,FIISDAANL,1,9,CapsNet_train_data,,,16,1
HLA-C0304,LASHILTAL,1,9,CapsNet_independent_set,,,17,1
HLA-C0304,FMAPKAWTV,1,9,CapsNet_independent_set,,,18,1
HLA-C0304,QYLMSAGAN,0,9,CapsNet_train_data,,,19,1
HLA-C0401,FANSRDTSF,1,9,CapsNet_train_data,,,0,1
HLA-C0401,TGAAPPPGP,0,9,CapsNet_independent_set,,,1,1
HLA-C0401,LTSHLNSAV,0,9,CapsNet_test_data,,,2,1
HLA-C0401,KSKQKEDNH,0,9,CapsNet_independent_set,,,3,1
HLA-C0401,EYVRSFCML,0,9,CapsNet_test_data,,,4,1
HLA-C0401,TYQTIIELF,1,9,CapsNet_train_data,,,5,1
HLA-C0401,KEVADAIRL,0,9,CapsNet_train_data,,,6,1
HLA-C0401,MSKAQCIVA,0,9,CapsNet_test_data,,,7,1
HLA-C0401,FSLHCETNL,0,9,CapsNet_train_data,,,8,1
HLA-C0401,QALCAQCAE,0,9,CapsNet_train_data,,,9,1
HLA-C0401,ETTKLSKPF,0,9,CapsNet_independent_set,,,10,1
HLA-C0401,VWDLAQQVV,1,9,CapsNet_independent_set,,,11,1
HLA-C0401,LLMEHIQEI,1,9,CapsNet_train_data,,,12,1
HLA-C0401,TLWNQELYI,1,9,CapsNet_train_data,,,13,1
HLA-C0401,VFDRMKVAL,1,9,CapsNet_independent_set,,,14,1
HLA-C0401,TCKMTLNMK,0,9,CapsNet_independent_set,,,15,1
HLA-C0401,NRDRTQIAL,1,9,CapsNet_independent_set,,,16,1
HLA-C0401,AQQICEDLR,0,9,CapsNet_train_data,,,17,1
HLA-C0401,FPNADSKAL,1,9,CapsNet_independent_set,,,18,1
HLA-C0401,MWDTRIAKL,1,9,CapsNet_independent_set,,,19,1
HLA-C0501,VKGSALAAL,0,9,NetMHCpan,,,0,1
HLA-C0501,LRGLTKAAY,0,9,NetMHCpan,,,1,1
HLA-C0501,FQDKAAGNF,1,9,CapsNet_train_data,,,2,1
HLA-C0501,IIDKSGSTI,1,9,CapsNet_train_data,,,3,1
HLA-C0501,PQVQQNIDI,0,9,CapsNet_train_data,,,4,1
HLA-C0501,SLCLQDGGA,0,9,CapsNet_train_data,,,5,1
HLA-C0501,TADISDVWL,1,9,CapsNet_train_data,,,6,1
HLA-C0501,KCCQGSSSV,0,9,CapsNet_test_data,,,7,1
HLA-C0501,STHKIEALV,1,9,CapsNet_independent_set,,,8,1
HLA-C0501,TKWNKRNLS,0,9,CapsNet_independent_set,,,9,1
HLA-C0501,VSDENSKRL,1,9,CapsNet_train_data,,,10,1
HLA-C0501,AFKSFLRSQ,0,9,CapsNet_independent_set,,,11,1
HLA-C0501,RRSRSKSRS,0,9,CapsNet_train_data,,,12,1
HLA-C0501,LSDAEIIQL,1,9,NetMHCpan,,,13,1
HLA-C0501,LVDQRELYL,1,9,CapsNet_train_data,,,14,1
HLA-C0501,QRLVELCKQ,0,9,CapsNet_train_data,,,15,1
HLA-C0501,FLPDNSLPV,0,9,CapsNet_train_data,,,16,1
HLA-C0501,DADQASNIL,1,9,CapsNet_train_data,,,17,1
HLA-C0501,WVDETLSSV,1,9,NetMHCpan,,,18,1
HLA-C0501,QADKASTRL,1,9,CapsNet_independent_set,,,19,1
HLA-C0602,LRNNKLNQL,1,9,CapsNet_independent_set,,,0,1
HLA-C0602,ISRWLKTRQ,0,9,CapsNet_train_data,,,1,1
HLA-C0602,TYLDKVENI,1,9,CapsNet_independent_set,,,2,1
HLA-C0602,YRYMNPAIV,1,9,CapsNet_train_data,,,3,1
HLA-C0602,QTICRQLRS,0,9,CapsNet_train_data,,,4,1
HLA-C0602,ARFRNISRI,1,9,CapsNet_train_data,,,5,1
HLA-C0602,SSQIQNSAC,0,9,CapsNet_train_data,,,6,1
HLA-C0602,SQTSQDSGN,0,9,CapsNet_train_data,,,7,1
HLA-C0602,TLANVIRQL,1,9,CapsNet_independent_set,,,8,1
HLA-C0602,KRMSGMIRL,1,9,CapsNet_train_data,,,9,1
HLA-C0602,FRCPTLLEV,1,9,CapsNet_train_data,,,10,1
HLA-C0602,SLRCSRGCA,0,9,CapsNet_independent_set,,,11,1
HLA-C0602,FRKNFQALL,1,9,CapsNet_train_data,,,12,1
HLA-C0602,SRLFLVIEY,1,9,CapsNet_train_data,,,13,1
HLA-C0602,VLFDTQLII,1,9,CapsNet_independent_set,,,14,1
HLA-C0602,QRTSILQTL,1,9,NetMHCpan,,,15,1
HLA-C0602,YTSKSQLFC,0,9,CapsNet_train_data,,,16,1
HLA-C0602,SVSQINHKL,1,9,CapsNet_train_data,,,17,1
HLA-C0602,VYSRTFTWL,1,9,CapsNet_independent_set,,,18,1
HLA-C0602,TNTSDLGQR,0,9,CapsNet_independent_set,,,19,1
HLA-C0701,FLYSDEVQI,1,9,CapsNet_independent_set,,,0,1
HLA-C0701,VSALCWGTG,0,9,CapsNet_train_data,,,1,1
HLA-C0701,QAQKAKNPQ,0,9,CapsNet_train_data,,,2,1
HLA-C0701,MHIAEQRRR,0,9,CapsNet_train_data,,,3,1
HLA-C0701,SVIEQLAQV,1,9,CapsNet_independent_set,,,4,1
HLA-C0701,QRRHFIIQY,1,9,CapsNet_independent_set,,,5,1
HLA-C0701,WNSITSGAL,0,9,CapsNet_train_data,,,6,1
HLA-C0701,KVTDLVQFL,1,9,CapsNet_train_data,,,7,1
HLA-C0701,WVKEKVVAL,1,9,CapsNet_train_data,,,8,1
HLA-C0701,SLRVALSNE,0,9,CapsNet_test_data,,,9,1
HLA-C0701,LDEADRMID,0,9,CapsNet_train_data,,,10,1
HLA-C0701,FISEILENL,1,9,CapsNet_train_data,,,11,1
HLA-C0701,SCFPTSMHI,0,9,CapsNet_train_data,,,12,1
HLA-C0701,ARKKRNFIL,1,9,NetMHCpan,,,13,1
HLA-C0701,FRAQSREQL,1,9,NetMHCpan,,,14,1
HLA-C0701,PELKAALSE,0,9,CapsNet_test_data,,,15,1
HLA-C0701,RQFSRALPL,1,9,CapsNet_train_data,,,16,1
HLA-C0701,GVLAVLFVK,0,9,CapsNet_independent_set,,,17,1
HLA-C0701,FTDQQKLIY,1,9,CapsNet_train_data,,,18,1
HLA-C0701,KRQDMVQRL,1,9,CapsNet_train_data,,,19,1
HLA-C0702,LRAPALLPL,1,9,CapsNet_independent_set,,,0,1
HLA-C0702,RVRKARPQL,1,9,CapsNet_train_data,,,1,1
HLA-C0702,RDSVLQMWR,0,9,CapsNet_test_data,,,2,1
HLA-C0702,QVCWGARDE,0,9,CapsNet_train_data,,,3,1
HLA-C0702,FTDKELLAY,1,9,CapsNet_independent_set,,,4,1
HLA-C0702,RVFQECLTY,1,9,CapsNet_train_data,,,5,1
HLA-C0702,CTAVKAISS,0,9,CapsNet_test_data,,,6,1
HLA-C0702,FHNVCELDL,0,9,CapsNet_train_data,,,7,1
HLA-C0702,DQFQKVLSL,1,9,CapsNet_train_data,,,8,1
HLA-C0702,YQYQNRRAL,1,9,CapsNet_independent_set,,,9,1
HLA-C0702,FTSQVIRNL,1,9,CapsNet_independent_set,,,10,1
HLA-C0702,IQAVRDDVE,0,9,CapsNet_test_data,,,11,1
HLA-C0702,CYRQMCNAL,0,9,CapsNet_train_data,,,12,1
HLA-C0702,LYRNCVYTY,1,9,CapsNet_independent_set,,,13,1
HLA-C0702,LRNQSVFNF,1,9,CapsNet_train_data,,,14,1
HLA-C0702,QWESTLRST,0,9,CapsNet_test_data,,,15,1
HLA-C0702,KRSSFVCVL,1,9,CapsNet_train_data,,,16,1
HLA-C0702,SRWLKTRQV,0,9,CapsNet_train_data,,,17,1
HLA-C0702,TVMGKIFAV,1,9,CapsNet_train_data,,,18,1
HLA-C0702,AGSQQERDQ,0,9,CapsNet_independent_set,,,19,1
HLA-C0704,SQFPGAITL,1,9,CapsNet_independent_set,,,0,1
HLA-C0704,FIQALDKMM,0,9,CapsNet_independent_set,,,1,1
HLA-C0704,EKLNTGTWQ,0,9,CapsNet_train_data,,,2,1
HLA-C0704,FIVEETLPL,1,9,CapsNet_train_data,,,3,1
HLA-C0704,YQQHGAGLF,1,9,CapsNet_train_data,,,4,1
HLA-C0704,SQKDIVDSI,1,9,CapsNet_train_data,,,5,1
HLA-C0704,DLRSKLTSL,1,9,CapsNet_train_data,,,6,1
HLA-C0704,FPDKVAIQL,1,9,CapsNet_train_data,,,7,1
HLA-C0704,TSGGGGMWG,0,9,CapsNet_train_data,,,8,1
HLA-C0704,KLQNLNIFL,1,9,CapsNet_train_data,,,9,1
HLA-C0704,SHDKENKSS,0,9,CapsNet_train_data,,,10,1
HLA-C0704,RQGFMKCLL,0,9,CapsNet_independent_set,,,11,1
HLA-C0704,MASLRSLSL,1,9,CapsNet_train_data,,,12,1
HLA-C0704,VPTCLTRTG,0,9,CapsNet_test_data,,,13,1
HLA-C0704,SYTRLFSNF,1,9,CapsNet_train_data,,,14,1
HLA-C0704,FLEEREIAL,1,9,CapsNet_independent_set,,,15,1
HLA-C0704,YLASLIRSV,1,9,CapsNet_independent_set,,,16,1
HLA-C0704,QISKSLEWN,0,9,CapsNet_train_data,,,17,1
HLA-C0704,SIIDKLVNI,1,9,CapsNet_train_data,,,18,1
HLA-C0704,AHEISQITN,0,9,CapsNet_independent_set,,,19,1
HLA-C0802,NSDKKQSPL,1,9,CapsNet_independent_set,,,0,1
HLA-C0802,KSTNIEDLH,0,9,CapsNet_train_data,,,1,1
HLA-C0802,MTTAILERL,1,9,CapsNet_train_data,,,2,1
HLA-C0802,QWKVGDKCS,0,9,CapsNet_independent_set,,,3,1
HLA-C0802,IIDRAITSL,1,9,CapsNet_train_data,,,4,1
HLA-C0802,DIARQRNQT,0,9,CapsNet_test_data,,,5,1
HLA-C0802,EKIFAEISH,0,9,CapsNet_train_data,,,6,1
HLA-C0802,ESIAKDMSL,0,9,CapsNet_independent_set,,,7,1
HLA-C0802,AADDIHRSL,1,9,CapsNet_train_data,,,8,1
HLA-C0802,ALLDWVTSV,1,9,CapsNet_train_data,,,9,1
HLA-C0802,RPAATSTRL,1,9,CapsNet_train_data,,,10,1
HLA-C0802,DWMSALCPR,0,9,CapsNet_train_data,,,11,1
HLA-C0802,IDKAWEVLV,0,9,NetMHCpan,,,12,1
HLA-C0802,IADLSHEAI,1,9,CapsNet_train_data,,,13,1
HLA-C0802,FLIDSSIMI,1,9,CapsNet_independent_set,,,14,1
HLA-C0802,MVTDIQTAV,1,9,CapsNet_independent_set,,,15,1
HLA-C0802,VVDQQDCTL,1,9,CapsNet_train_data,,,16,1
HLA-C0802,SEKQDRDSH,0,9,CapsNet_train_data,,,17,1
HLA-C0802,VADLQSINI,1,9,NetMHCpan,,,18,1
HLA-C0802,VSDENSKRL,1,9,CapsNet_train_data,,,19,1
HLA-C1202,AAAAAQSVY,1,9,NetMHCpan,,,0,1
HLA-C1202,LTFKQIHTL,1,9,NetMHCpan,,,1,1
HLA-C1203,VSFPYVIAL,1,9,CapsNet_independent_set,,,0,1
HLA-C1203,RDGEDQTQD,0,9,CapsNet_train_data,,,1,1
HLA-C1203,KATTKIKYY,1,9,CapsNet_train_data,,,2,1
HLA-C1203,IAASRSVVM,1,9,CapsNet_independent_set,,,3,1
HLA-C1203,FVRKAVRAI,1,9,NetMHCpan,,,4,1
HLA-C1203,DFSPVKKCA,0,9,NetMHCpan,,,5,1
HLA-C1203,LKSIVSRMK,0,9,CapsNet_train_data,,,6,1
HLA-C1203,LARQISSTL,1,9,NetMHCpan,,,7,1
HLA-C1203,TAFSRLILI,1,9,CapsNet_train_data,,,8,1
HLA-C1203,IQVLARKKV,0,9,CapsNet_train_data,,,9,1
HLA-C1203,SRIVLICAK,0,9,CapsNet_train_data,,,10,1
HLA-C1203,SASPWALTI,1,9,CapsNet_train_data,,,11,1
HLA-C1203,QYCMQNACK,0,9,CapsNet_independent_set,,,12,1
HLA-C1203,TDHQLLASG,0,9,CapsNet_test_data,,,13,1
HLA-C1203,YAYRDAVFL,1,9,CapsNet_train_data,,,14,1
HLA-C1203,PKEEQTAMV,0,9,NetMHCpan,,,15,1
HLA-C1203,MAQRLVRVL,1,9,CapsNet_train_data,,,16,1
HLA-C1203,IVITAHVLK,0,9,CapsNet_independent_set,,,17,1
HLA-C1203,SATRLIQRL,1,9,CapsNet_train_data,,,18,1
HLA-C1203,QAINNAITY,1,9,CapsNet_train_data,,,19,1
HLA-C1402,ATAQNRRAL,1,9,CapsNet_train_data,,,0,1
HLA-C1402,IYPTTYVQF,1,9,CapsNet_train_data,,,1,1
HLA-C1402,TFISAASKF,1,9,NetMHCpan,,,2,1
HLA-C1402,AYLGSAIQL,1,9,CapsNet_train_data,,,3,1
HLA-C1402,NNLGIQCVR,0,9,CapsNet_train_data,,,4,1
HLA-C1402,EAQTLCDEL,0,9,CapsNet_test_data,,,5,1
HLA-C1402,DAKTDKIEA,0,9,CapsNet_train_data,,,6,1
HLA-C1402,AFIQQNISF,1,9,CapsNet_train_data,,,7,1
HLA-C1402,SFIKEANTL,1,9,CapsNet_train_data,,,8,1
HLA-C1402,GEKLRELCG,0,9,CapsNet_train_data,,,9,1
HLA-C1402,SNRSRQEPS,0,9,CapsNet_independent_set,,,10,1
HLA-C1402,IMIMWYSPL,0,9,CapsNet_train_data,,,11,1
HLA-C1402,AYNNQSNRL,1,9,CapsNet_independent_set,,,12,1
HLA-C1402,FYQKADHTL,1,9,CapsNet_independent_set,,,13,1
HLA-C1402,LEDVIAQLG,0,9,NetMHCpan,,,14,1
HLA-C1402,IYVNMKTDF,1,9,CapsNet_train_data,,,15,1
HLA-C1402,ISNRSSFVR,0,9,CapsNet_train_data,,,16,1
HLA-C1402,EQVLKVCAN,0,9,CapsNet_train_data,,,17,1
HLA-C1402,LFPSDVQTL,1,9,CapsNet_train_data,,,18,1
HLA-C1402,FYQSEIKRL,1,9,CapsNet_train_data,,,19,1
HLA-C1502,ATDDSLHQL,1,9,NetMHCpan,,,0,1
HLA-C1502,DELAENISS,0,9,CapsNet_train_data,,,1,1
HLA-C1502,TNQKKALKV,1,9,CapsNet_independent_set,,,2,1
HLA-C1502,EKEKDAENK,0,9,CapsNet_independent_set,,,3,1
HLA-C1502,YSFQDKRNL,1,9,CapsNet_train_data,,,4,1
HLA-C1502,TAQARIIML,0,9,CapsNet_test_data,,,5,1
HLA-C1502,IRRQMKNIV,0,9,CapsNet_independent_set,,,6,1
HLA-C1502,RSINKLIRI,1,9,NetMHCpan,,,7,1
HLA-C1502,NEKVIVPTD,0,9,CapsNet_test_data,,,8,1
HLA-C1502,GLLRVFSIV,0,9,CapsNet_train_data,,,9,1
HLA-C1502,VDQHSQGTG,0,9,CapsNet_independent_set,,,10,1
HLA-C1502,LQIPFAMQM,1,9,CapsNet_train_data,,,11,1
HLA-C1502,HSMSQPIMV,1,9,CapsNet_independent_set,,,12,1
HLA-C1502,VRRIRDAFR,0,9,CapsNet_train_data,,,13,1
HLA-C1502,KSIKIVKKL,1,9,NetMHCpan,,,14,1
HLA-C1502,EVTAERLSP,0,9,CapsNet_train_data,,,15,1
HLA-C1502,RIFQTLLEV,1,9,CapsNet_train_data,,,16,1
HLA-C1502,RAGSIVLKV,1,9,CapsNet_train_data,,,17,1
HLA-C1502,DSATAPDKI,0,9,CapsNet_train_data,,,18,1
HLA-C1502,TSNTVKLLL,1,9,CapsNet_train_data,,,19,1
HLA-C1601,PTRKTKALL,0,9,NetMHCpan,,,0,1
HLA-C1601,IQPASSKWR,0,9,CapsNet_train_data,,,1,1
HLA-C1601,AACQIARAY,1,9,CapsNet_train_data,,,2,1
HLA-C1601,LATLRNYDY,1,9,CapsNet_train_data,,,3,1
HLA-C1601,LWRRALRAA,0,9,CapsNet_train_data,,,4,1
HLA-C1601,DQFAPSLRQ,0,9,CapsNet_train_data,,,5,1
HLA-C1601,TAAQVARVL,1,9,CapsNet_train_data,,,6,1
HLA-C1601,FPIHVQTSL,1,9,CapsNet_independent_set,,,7,1
HLA-C1601,TASRVIREL,1,9,CapsNet_train_data,,,8,1
HLA-C1601,STYEKALGY,1,9,CapsNet_train_data,,,9,1
HLA-C1601,AYMERMNYI,1,9,CapsNet_independent_set,,,10,1
HLA-C1601,RKERKSKNS,0,9,CapsNet_train_data,,,11,1
HLA-C1601,YATQSHQWY,1,9,CapsNet_train_data,,,12,1
HLA-C1601,LDAINDANL,0,9,CapsNet_test_data,,,13,1
HLA-C1601,QAQTDRVSL,1,9,CapsNet_independent_set,,,14,1
HLA-C1601,QICLACRKR,0,9,CapsNet_train_data,,,15,1
HLA-C1601,TATSTQRPL,1,9,CapsNet_train_data,,,16,1
HLA-C1601,GQPDAEQWN,0,9,CapsNet_test_data,,,17,1
HLA-C1601,NATSRILDM,1,9,CapsNet_independent_set,,,18,1
HLA-C1601,FARSFTLML,1,9,CapsNet_independent_set,,,19,1
HLA-C1701,MASNEDFSI,0,9,CapsNet_train_data,,,0,1
HLA-C1701,YALTAIMKL,1,9,CapsNet_train_data,,,1,1
HLA-C1701,FLDEPTNHL,1,9,NetMHCpan,,,2,1
HLA-C1701,HDRLSQILT,0,9,CapsNet_independent_set,,,3,1
HLA-C1701,SAITTLMHL,1,9,CapsNet_independent_set,,,4,1
HLA-C1701,YAFVRPVIL,1,9,CapsNet_independent_set,,,5,1
HLA-C1701,RERSMSETG,0,9,CapsNet_independent_set,,,6,1
HLA-C1701,DLFQELDKN,0,9,CapsNet_independent_set,,,7,1
